Job 0f85c386-2859-4325-a6c9-f42d9150892c  status=queued  stage=queued
[--------------------------------]   0.00%  elapsed=0s  006-shortest-war-ever:pilot-clock-075:r002
Job 0f85c386-2859-4325-a6c9-f42d9150892c  status=running  stage=running
[--------------------------------]   0.00%  elapsed=2s  006-shortest-war-ever:pilot-clock-075:r002
Job 0f85c386-2859-4325-a6c9-f42d9150892c  status=running  stage=running
[--------------------------------]   0.00%  elapsed=4s  006-shortest-war-ever:pilot-clock-075:r002
Job 0f85c386-2859-4325-a6c9-f42d9150892c  status=running  stage=running
[--------------------------------]   0.00%  elapsed=6s  006-shortest-war-ever:pilot-clock-075:r002
Job 0f85c386-2859-4325-a6c9-f42d9150892c  status=running  stage=running
[--------------------------------]   0.00%  elapsed=8s  006-shortest-war-ever:pilot-clock-075:r002
Job 0f85c386-2859-4325-a6c9-f42d9150892c  status=running  stage=running
[--------------------------------]   0.00%  elapsed=10s  006-shortest-war-ever:pilot-clock-075:r002
Job 0f85c386-2859-4325-a6c9-f42d9150892c  status=running  stage=running
[--------------------------------]   0.00%  elapsed=12s  006-shortest-war-ever:pilot-clock-075:r002
Job 0f85c386-2859-4325-a6c9-f42d9150892c  status=running  stage=running
[--------------------------------]   0.00%  elapsed=14s  006-shortest-war-ever:pilot-clock-075:r002
Job 0f85c386-2859-4325-a6c9-f42d9150892c  status=running  stage=running
[--------------------------------]   0.00%  elapsed=16s  006-shortest-war-ever:pilot-clock-075:r002
Job 0f85c386-2859-4325-a6c9-f42d9150892c  status=running  stage=running
[--------------------------------]   0.00%  elapsed=18s  006-shortest-war-ever:pilot-clock-075:r002
Job 0f85c386-2859-4325-a6c9-f42d9150892c  status=running  stage=running
[--------------------------------]   0.00%  elapsed=20s  006-shortest-war-ever:pilot-clock-075:r002
Job 0f85c386-2859-4325-a6c9-f42d9150892c  status=running  stage=running
[--------------------------------]   0.00%  elapsed=22s  006-shortest-war-ever:pilot-clock-075:r002
Job 0f85c386-2859-4325-a6c9-f42d9150892c  status=running  stage=running
[--------------------------------]   0.00%  elapsed=24s  006-shortest-war-ever:pilot-clock-075:r002
Job 0f85c386-2859-4325-a6c9-f42d9150892c  status=running  stage=running
[--------------------------------]   0.00%  elapsed=26s  006-shortest-war-ever:pilot-clock-075:r002
Job 0f85c386-2859-4325-a6c9-f42d9150892c  status=running  stage=running
[--------------------------------]   0.00%  elapsed=28s  006-shortest-war-ever:pilot-clock-075:r002
Job 0f85c386-2859-4325-a6c9-f42d9150892c  status=running  stage=running
[--------------------------------]   0.00%  elapsed=30s  006-shortest-war-ever:pilot-clock-075:r002
Job 0f85c386-2859-4325-a6c9-f42d9150892c  status=running  stage=running
[--------------------------------]   0.00%  elapsed=32s  006-shortest-war-ever:pilot-clock-075:r002
Job 0f85c386-2859-4325-a6c9-f42d9150892c  status=running  stage=running
[--------------------------------]   0.00%  elapsed=34s  006-shortest-war-ever:pilot-clock-075:r002
Job 0f85c386-2859-4325-a6c9-f42d9150892c  status=running  stage=running
[--------------------------------]   0.00%  elapsed=36s  006-shortest-war-ever:pilot-clock-075:r002
Job 0f85c386-2859-4325-a6c9-f42d9150892c  status=running  stage=running
[--------------------------------]   0.00%  elapsed=38s  006-shortest-war-ever:pilot-clock-075:r002
Job 0f85c386-2859-4325-a6c9-f42d9150892c  status=running  stage=running
[--------------------------------]   0.00%  elapsed=40s  006-shortest-war-ever:pilot-clock-075:r002
Job 0f85c386-2859-4325-a6c9-f42d9150892c  status=running  stage=running
[--------------------------------]   0.00%  elapsed=42s  006-shortest-war-ever:pilot-clock-075:r002
Job 0f85c386-2859-4325-a6c9-f42d9150892c  status=running  stage=running
[--------------------------------]   0.00%  elapsed=44s  006-shortest-war-ever:pilot-clock-075:r002
Job 0f85c386-2859-4325-a6c9-f42d9150892c  status=running  stage=running
[--------------------------------]   0.00%  elapsed=46s  006-shortest-war-ever:pilot-clock-075:r002
Job 0f85c386-2859-4325-a6c9-f42d9150892c  status=running  stage=sampling
[###-----------------------------]   8.33%  elapsed=48s  006-shortest-war-ever:pilot-clock-075:r002
Job 0f85c386-2859-4325-a6c9-f42d9150892c  status=running  stage=sampling
[###-----------------------------]   8.33%  elapsed=50s  006-shortest-war-ever:pilot-clock-075:r002
Job 0f85c386-2859-4325-a6c9-f42d9150892c  status=running  stage=sampling
[###-----------------------------]   8.33%  elapsed=52s  006-shortest-war-ever:pilot-clock-075:r002
Job 0f85c386-2859-4325-a6c9-f42d9150892c  status=running  stage=sampling
[###-----------------------------]   8.33%  elapsed=54s  006-shortest-war-ever:pilot-clock-075:r002
Job 0f85c386-2859-4325-a6c9-f42d9150892c  status=running  stage=sampling
[###-----------------------------]   8.33%  elapsed=56s  006-shortest-war-ever:pilot-clock-075:r002
Job 0f85c386-2859-4325-a6c9-f42d9150892c  status=running  stage=sampling
[###-----------------------------]   8.33%  elapsed=58s  006-shortest-war-ever:pilot-clock-075:r002
Job 0f85c386-2859-4325-a6c9-f42d9150892c  status=running  stage=sampling
[###-----------------------------]   8.33%  elapsed=60s  006-shortest-war-ever:pilot-clock-075:r002
Job 0f85c386-2859-4325-a6c9-f42d9150892c  status=running  stage=sampling
[###-----------------------------]   8.33%  elapsed=62s  006-shortest-war-ever:pilot-clock-075:r002
Job 0f85c386-2859-4325-a6c9-f42d9150892c  status=running  stage=sampling
[###-----------------------------]   8.33%  elapsed=64s  006-shortest-war-ever:pilot-clock-075:r002
Job 0f85c386-2859-4325-a6c9-f42d9150892c  status=running  stage=sampling
[###-----------------------------]   8.33%  elapsed=66s  006-shortest-war-ever:pilot-clock-075:r002
Job 0f85c386-2859-4325-a6c9-f42d9150892c  status=running  stage=sampling
[###-----------------------------]   8.33%  elapsed=68s  006-shortest-war-ever:pilot-clock-075:r002
Job 0f85c386-2859-4325-a6c9-f42d9150892c  status=running  stage=sampling
[###-----------------------------]   8.33%  elapsed=70s  006-shortest-war-ever:pilot-clock-075:r002
Job 0f85c386-2859-4325-a6c9-f42d9150892c  status=running  stage=sampling
[###-----------------------------]   8.33%  elapsed=72s  006-shortest-war-ever:pilot-clock-075:r002
Job 0f85c386-2859-4325-a6c9-f42d9150892c  status=running  stage=sampling
[###-----------------------------]   8.33%  elapsed=74s  006-shortest-war-ever:pilot-clock-075:r002
Job 0f85c386-2859-4325-a6c9-f42d9150892c  status=running  stage=sampling
[#####---------------------------]  16.67%  elapsed=76s  006-shortest-war-ever:pilot-clock-075:r002
Job 0f85c386-2859-4325-a6c9-f42d9150892c  status=running  stage=sampling
[#####---------------------------]  16.67%  elapsed=78s  006-shortest-war-ever:pilot-clock-075:r002
Job 0f85c386-2859-4325-a6c9-f42d9150892c  status=running  stage=sampling
[#####---------------------------]  16.67%  elapsed=80s  006-shortest-war-ever:pilot-clock-075:r002
Job 0f85c386-2859-4325-a6c9-f42d9150892c  status=running  stage=sampling
[#####---------------------------]  16.67%  elapsed=82s  006-shortest-war-ever:pilot-clock-075:r002
Job 0f85c386-2859-4325-a6c9-f42d9150892c  status=running  stage=sampling
[#####---------------------------]  16.67%  elapsed=84s  006-shortest-war-ever:pilot-clock-075:r002
Job 0f85c386-2859-4325-a6c9-f42d9150892c  status=running  stage=sampling
[#####---------------------------]  16.67%  elapsed=86s  006-shortest-war-ever:pilot-clock-075:r002
Job 0f85c386-2859-4325-a6c9-f42d9150892c  status=running  stage=sampling
[#####---------------------------]  16.67%  elapsed=88s  006-shortest-war-ever:pilot-clock-075:r002
Job 0f85c386-2859-4325-a6c9-f42d9150892c  status=running  stage=sampling
[#####---------------------------]  16.67%  elapsed=90s  006-shortest-war-ever:pilot-clock-075:r002
Job 0f85c386-2859-4325-a6c9-f42d9150892c  status=running  stage=sampling
[#####---------------------------]  16.67%  elapsed=92s  006-shortest-war-ever:pilot-clock-075:r002
Job 0f85c386-2859-4325-a6c9-f42d9150892c  status=running  stage=sampling
[#####---------------------------]  16.67%  elapsed=94s  006-shortest-war-ever:pilot-clock-075:r002
Job 0f85c386-2859-4325-a6c9-f42d9150892c  status=running  stage=sampling
[#####---------------------------]  16.67%  elapsed=96s  006-shortest-war-ever:pilot-clock-075:r002
Job 0f85c386-2859-4325-a6c9-f42d9150892c  status=running  stage=sampling
[#####---------------------------]  16.67%  elapsed=98s  006-shortest-war-ever:pilot-clock-075:r002
Job 0f85c386-2859-4325-a6c9-f42d9150892c  status=running  stage=sampling
[#####---------------------------]  16.67%  elapsed=100s  006-shortest-war-ever:pilot-clock-075:r002
Job 0f85c386-2859-4325-a6c9-f42d9150892c  status=running  stage=sampling
[#####---------------------------]  16.67%  elapsed=102s  006-shortest-war-ever:pilot-clock-075:r002
Job 0f85c386-2859-4325-a6c9-f42d9150892c  status=running  stage=sampling
[#####---------------------------]  16.67%  elapsed=104s  006-shortest-war-ever:pilot-clock-075:r002
Job 0f85c386-2859-4325-a6c9-f42d9150892c  status=running  stage=sampling
[#####---------------------------]  16.67%  elapsed=106s  006-shortest-war-ever:pilot-clock-075:r002
Job 0f85c386-2859-4325-a6c9-f42d9150892c  status=running  stage=sampling
[#####---------------------------]  16.67%  elapsed=108s  006-shortest-war-ever:pilot-clock-075:r002
Job 0f85c386-2859-4325-a6c9-f42d9150892c  status=running  stage=sampling
[########------------------------]  25.00%  elapsed=110s  006-shortest-war-ever:pilot-clock-075:r002
Job 0f85c386-2859-4325-a6c9-f42d9150892c  status=running  stage=sampling
[########------------------------]  25.00%  elapsed=112s  006-shortest-war-ever:pilot-clock-075:r002
Job 0f85c386-2859-4325-a6c9-f42d9150892c  status=running  stage=sampling
[########------------------------]  25.00%  elapsed=114s  006-shortest-war-ever:pilot-clock-075:r002
Job 0f85c386-2859-4325-a6c9-f42d9150892c  status=running  stage=sampling
[########------------------------]  25.00%  elapsed=116s  006-shortest-war-ever:pilot-clock-075:r002
Job 0f85c386-2859-4325-a6c9-f42d9150892c  status=running  stage=sampling
[########------------------------]  25.00%  elapsed=118s  006-shortest-war-ever:pilot-clock-075:r002
Job 0f85c386-2859-4325-a6c9-f42d9150892c  status=running  stage=sampling
[########------------------------]  25.00%  elapsed=120s  006-shortest-war-ever:pilot-clock-075:r002
Job 0f85c386-2859-4325-a6c9-f42d9150892c  status=running  stage=sampling
[########------------------------]  25.00%  elapsed=122s  006-shortest-war-ever:pilot-clock-075:r002
Job 0f85c386-2859-4325-a6c9-f42d9150892c  status=running  stage=sampling
[########------------------------]  25.00%  elapsed=124s  006-shortest-war-ever:pilot-clock-075:r002
Job 0f85c386-2859-4325-a6c9-f42d9150892c  status=running  stage=sampling
[########------------------------]  25.00%  elapsed=126s  006-shortest-war-ever:pilot-clock-075:r002
Job 0f85c386-2859-4325-a6c9-f42d9150892c  status=running  stage=sampling
[########------------------------]  25.00%  elapsed=128s  006-shortest-war-ever:pilot-clock-075:r002
Job 0f85c386-2859-4325-a6c9-f42d9150892c  status=running  stage=sampling
[########------------------------]  25.00%  elapsed=130s  006-shortest-war-ever:pilot-clock-075:r002
Job 0f85c386-2859-4325-a6c9-f42d9150892c  status=running  stage=sampling
[########------------------------]  25.00%  elapsed=132s  006-shortest-war-ever:pilot-clock-075:r002
Job 0f85c386-2859-4325-a6c9-f42d9150892c  status=running  stage=sampling
[########------------------------]  25.00%  elapsed=134s  006-shortest-war-ever:pilot-clock-075:r002
Job 0f85c386-2859-4325-a6c9-f42d9150892c  status=running  stage=sampling
[########------------------------]  25.00%  elapsed=136s  006-shortest-war-ever:pilot-clock-075:r002
Job 0f85c386-2859-4325-a6c9-f42d9150892c  status=running  stage=sampling
[########------------------------]  25.00%  elapsed=138s  006-shortest-war-ever:pilot-clock-075:r002
Job 0f85c386-2859-4325-a6c9-f42d9150892c  status=running  stage=sampling
[########------------------------]  25.00%  elapsed=140s  006-shortest-war-ever:pilot-clock-075:r002
Job 0f85c386-2859-4325-a6c9-f42d9150892c  status=running  stage=sampling
[###########---------------------]  33.33%  elapsed=142s  006-shortest-war-ever:pilot-clock-075:r002
Job 0f85c386-2859-4325-a6c9-f42d9150892c  status=running  stage=sampling
[###########---------------------]  33.33%  elapsed=144s  006-shortest-war-ever:pilot-clock-075:r002
Job 0f85c386-2859-4325-a6c9-f42d9150892c  status=running  stage=sampling
[###########---------------------]  33.33%  elapsed=146s  006-shortest-war-ever:pilot-clock-075:r002
Job 0f85c386-2859-4325-a6c9-f42d9150892c  status=running  stage=sampling
[###########---------------------]  33.33%  elapsed=148s  006-shortest-war-ever:pilot-clock-075:r002
Job 0f85c386-2859-4325-a6c9-f42d9150892c  status=running  stage=sampling
[###########---------------------]  33.33%  elapsed=150s  006-shortest-war-ever:pilot-clock-075:r002
Job 0f85c386-2859-4325-a6c9-f42d9150892c  status=running  stage=sampling
[###########---------------------]  33.33%  elapsed=152s  006-shortest-war-ever:pilot-clock-075:r002
Job 0f85c386-2859-4325-a6c9-f42d9150892c  status=running  stage=sampling
[###########---------------------]  33.33%  elapsed=154s  006-shortest-war-ever:pilot-clock-075:r002
Job 0f85c386-2859-4325-a6c9-f42d9150892c  status=running  stage=sampling
[###########---------------------]  33.33%  elapsed=156s  006-shortest-war-ever:pilot-clock-075:r002
Job 0f85c386-2859-4325-a6c9-f42d9150892c  status=running  stage=sampling
[###########---------------------]  33.33%  elapsed=158s  006-shortest-war-ever:pilot-clock-075:r002
Job 0f85c386-2859-4325-a6c9-f42d9150892c  status=running  stage=sampling
[###########---------------------]  33.33%  elapsed=160s  006-shortest-war-ever:pilot-clock-075:r002
Job 0f85c386-2859-4325-a6c9-f42d9150892c  status=running  stage=sampling
[###########---------------------]  33.33%  elapsed=162s  006-shortest-war-ever:pilot-clock-075:r002
Job 0f85c386-2859-4325-a6c9-f42d9150892c  status=running  stage=sampling
[###########---------------------]  33.33%  elapsed=164s  006-shortest-war-ever:pilot-clock-075:r002
Job 0f85c386-2859-4325-a6c9-f42d9150892c  status=running  stage=sampling
[###########---------------------]  33.33%  elapsed=166s  006-shortest-war-ever:pilot-clock-075:r002
Job 0f85c386-2859-4325-a6c9-f42d9150892c  status=running  stage=sampling
[###########---------------------]  33.33%  elapsed=168s  006-shortest-war-ever:pilot-clock-075:r002
Job 0f85c386-2859-4325-a6c9-f42d9150892c  status=running  stage=sampling
[###########---------------------]  33.33%  elapsed=170s  006-shortest-war-ever:pilot-clock-075:r002
Job 0f85c386-2859-4325-a6c9-f42d9150892c  status=running  stage=sampling
[###########---------------------]  33.33%  elapsed=172s  006-shortest-war-ever:pilot-clock-075:r002
Job 0f85c386-2859-4325-a6c9-f42d9150892c  status=running  stage=sampling
[###########---------------------]  33.33%  elapsed=174s  006-shortest-war-ever:pilot-clock-075:r002
Job 0f85c386-2859-4325-a6c9-f42d9150892c  status=running  stage=sampling
[#############-------------------]  41.67%  elapsed=176s  006-shortest-war-ever:pilot-clock-075:r002
Job 0f85c386-2859-4325-a6c9-f42d9150892c  status=running  stage=sampling
[#############-------------------]  41.67%  elapsed=178s  006-shortest-war-ever:pilot-clock-075:r002
Job 0f85c386-2859-4325-a6c9-f42d9150892c  status=running  stage=sampling
[#############-------------------]  41.67%  elapsed=180s  006-shortest-war-ever:pilot-clock-075:r002
Job 0f85c386-2859-4325-a6c9-f42d9150892c  status=running  stage=sampling
[#############-------------------]  41.67%  elapsed=182s  006-shortest-war-ever:pilot-clock-075:r002
Job 0f85c386-2859-4325-a6c9-f42d9150892c  status=running  stage=sampling
[#############-------------------]  41.67%  elapsed=184s  006-shortest-war-ever:pilot-clock-075:r002
Job 0f85c386-2859-4325-a6c9-f42d9150892c  status=running  stage=sampling
[#############-------------------]  41.67%  elapsed=186s  006-shortest-war-ever:pilot-clock-075:r002
Job 0f85c386-2859-4325-a6c9-f42d9150892c  status=running  stage=sampling
[#############-------------------]  41.67%  elapsed=188s  006-shortest-war-ever:pilot-clock-075:r002
Job 0f85c386-2859-4325-a6c9-f42d9150892c  status=running  stage=sampling
[#############-------------------]  41.67%  elapsed=190s  006-shortest-war-ever:pilot-clock-075:r002
Job 0f85c386-2859-4325-a6c9-f42d9150892c  status=running  stage=sampling
[#############-------------------]  41.67%  elapsed=192s  006-shortest-war-ever:pilot-clock-075:r002
Job 0f85c386-2859-4325-a6c9-f42d9150892c  status=running  stage=sampling
[#############-------------------]  41.67%  elapsed=194s  006-shortest-war-ever:pilot-clock-075:r002
Job 0f85c386-2859-4325-a6c9-f42d9150892c  status=running  stage=sampling
[#############-------------------]  41.67%  elapsed=196s  006-shortest-war-ever:pilot-clock-075:r002
Job 0f85c386-2859-4325-a6c9-f42d9150892c  status=running  stage=sampling
[#############-------------------]  41.67%  elapsed=198s  006-shortest-war-ever:pilot-clock-075:r002
Job 0f85c386-2859-4325-a6c9-f42d9150892c  status=running  stage=sampling
[#############-------------------]  41.67%  elapsed=200s  006-shortest-war-ever:pilot-clock-075:r002
Job 0f85c386-2859-4325-a6c9-f42d9150892c  status=running  stage=sampling
[#############-------------------]  41.67%  elapsed=202s  006-shortest-war-ever:pilot-clock-075:r002
Job 0f85c386-2859-4325-a6c9-f42d9150892c  status=running  stage=sampling
[#############-------------------]  41.67%  elapsed=204s  006-shortest-war-ever:pilot-clock-075:r002
Job 0f85c386-2859-4325-a6c9-f42d9150892c  status=running  stage=sampling
[#############-------------------]  41.67%  elapsed=206s  006-shortest-war-ever:pilot-clock-075:r002
Job 0f85c386-2859-4325-a6c9-f42d9150892c  status=running  stage=sampling
[################----------------]  50.00%  elapsed=208s  006-shortest-war-ever:pilot-clock-075:r002
Job 0f85c386-2859-4325-a6c9-f42d9150892c  status=running  stage=sampling
[################----------------]  50.00%  elapsed=210s  006-shortest-war-ever:pilot-clock-075:r002
Job 0f85c386-2859-4325-a6c9-f42d9150892c  status=running  stage=sampling
[################----------------]  50.00%  elapsed=212s  006-shortest-war-ever:pilot-clock-075:r002
Job 0f85c386-2859-4325-a6c9-f42d9150892c  status=running  stage=sampling
[################----------------]  50.00%  elapsed=214s  006-shortest-war-ever:pilot-clock-075:r002
Job 0f85c386-2859-4325-a6c9-f42d9150892c  status=running  stage=sampling
[################----------------]  50.00%  elapsed=216s  006-shortest-war-ever:pilot-clock-075:r002
Job 0f85c386-2859-4325-a6c9-f42d9150892c  status=running  stage=sampling
[################----------------]  50.00%  elapsed=218s  006-shortest-war-ever:pilot-clock-075:r002
Job 0f85c386-2859-4325-a6c9-f42d9150892c  status=running  stage=sampling
[################----------------]  50.00%  elapsed=220s  006-shortest-war-ever:pilot-clock-075:r002
Job 0f85c386-2859-4325-a6c9-f42d9150892c  status=running  stage=sampling
[################----------------]  50.00%  elapsed=222s  006-shortest-war-ever:pilot-clock-075:r002
Job 0f85c386-2859-4325-a6c9-f42d9150892c  status=running  stage=sampling
[################----------------]  50.00%  elapsed=224s  006-shortest-war-ever:pilot-clock-075:r002
Job 0f85c386-2859-4325-a6c9-f42d9150892c  status=running  stage=sampling
[################----------------]  50.00%  elapsed=226s  006-shortest-war-ever:pilot-clock-075:r002
Job 0f85c386-2859-4325-a6c9-f42d9150892c  status=running  stage=sampling
[################----------------]  50.00%  elapsed=228s  006-shortest-war-ever:pilot-clock-075:r002
Job 0f85c386-2859-4325-a6c9-f42d9150892c  status=running  stage=sampling
[################----------------]  50.00%  elapsed=230s  006-shortest-war-ever:pilot-clock-075:r002
Job 0f85c386-2859-4325-a6c9-f42d9150892c  status=running  stage=sampling
[################----------------]  50.00%  elapsed=232s  006-shortest-war-ever:pilot-clock-075:r002
Job 0f85c386-2859-4325-a6c9-f42d9150892c  status=running  stage=sampling
[################----------------]  50.00%  elapsed=234s  006-shortest-war-ever:pilot-clock-075:r002
Job 0f85c386-2859-4325-a6c9-f42d9150892c  status=running  stage=sampling
[################----------------]  50.00%  elapsed=236s  006-shortest-war-ever:pilot-clock-075:r002
Job 0f85c386-2859-4325-a6c9-f42d9150892c  status=running  stage=sampling
[################----------------]  50.00%  elapsed=238s  006-shortest-war-ever:pilot-clock-075:r002
Job 0f85c386-2859-4325-a6c9-f42d9150892c  status=running  stage=sampling
[################----------------]  50.00%  elapsed=240s  006-shortest-war-ever:pilot-clock-075:r002
Job 0f85c386-2859-4325-a6c9-f42d9150892c  status=running  stage=sampling
[###################-------------]  58.33%  elapsed=242s  006-shortest-war-ever:pilot-clock-075:r002
Job 0f85c386-2859-4325-a6c9-f42d9150892c  status=running  stage=sampling
[###################-------------]  58.33%  elapsed=244s  006-shortest-war-ever:pilot-clock-075:r002
Job 0f85c386-2859-4325-a6c9-f42d9150892c  status=running  stage=sampling
[###################-------------]  58.33%  elapsed=246s  006-shortest-war-ever:pilot-clock-075:r002
Job 0f85c386-2859-4325-a6c9-f42d9150892c  status=running  stage=sampling
[###################-------------]  58.33%  elapsed=248s  006-shortest-war-ever:pilot-clock-075:r002
Job 0f85c386-2859-4325-a6c9-f42d9150892c  status=running  stage=sampling
[###################-------------]  58.33%  elapsed=250s  006-shortest-war-ever:pilot-clock-075:r002
Job 0f85c386-2859-4325-a6c9-f42d9150892c  status=running  stage=sampling
[###################-------------]  58.33%  elapsed=252s  006-shortest-war-ever:pilot-clock-075:r002
Job 0f85c386-2859-4325-a6c9-f42d9150892c  status=running  stage=sampling
[###################-------------]  58.33%  elapsed=254s  006-shortest-war-ever:pilot-clock-075:r002
Job 0f85c386-2859-4325-a6c9-f42d9150892c  status=running  stage=sampling
[###################-------------]  58.33%  elapsed=256s  006-shortest-war-ever:pilot-clock-075:r002
Job 0f85c386-2859-4325-a6c9-f42d9150892c  status=running  stage=sampling
[###################-------------]  58.33%  elapsed=258s  006-shortest-war-ever:pilot-clock-075:r002
Job 0f85c386-2859-4325-a6c9-f42d9150892c  status=running  stage=sampling
[###################-------------]  58.33%  elapsed=260s  006-shortest-war-ever:pilot-clock-075:r002
Job 0f85c386-2859-4325-a6c9-f42d9150892c  status=running  stage=sampling
[###################-------------]  58.33%  elapsed=262s  006-shortest-war-ever:pilot-clock-075:r002
Job 0f85c386-2859-4325-a6c9-f42d9150892c  status=running  stage=sampling
[###################-------------]  58.33%  elapsed=264s  006-shortest-war-ever:pilot-clock-075:r002
Job 0f85c386-2859-4325-a6c9-f42d9150892c  status=running  stage=sampling
[###################-------------]  58.33%  elapsed=266s  006-shortest-war-ever:pilot-clock-075:r002
Job 0f85c386-2859-4325-a6c9-f42d9150892c  status=running  stage=sampling
[###################-------------]  58.33%  elapsed=268s  006-shortest-war-ever:pilot-clock-075:r002
Job 0f85c386-2859-4325-a6c9-f42d9150892c  status=running  stage=sampling
[###################-------------]  58.33%  elapsed=270s  006-shortest-war-ever:pilot-clock-075:r002
Job 0f85c386-2859-4325-a6c9-f42d9150892c  status=running  stage=sampling
[###################-------------]  58.33%  elapsed=272s  006-shortest-war-ever:pilot-clock-075:r002
Job 0f85c386-2859-4325-a6c9-f42d9150892c  status=running  stage=sampling
[#####################-----------]  66.67%  elapsed=274s  006-shortest-war-ever:pilot-clock-075:r002
Job 0f85c386-2859-4325-a6c9-f42d9150892c  status=running  stage=sampling
[#####################-----------]  66.67%  elapsed=276s  006-shortest-war-ever:pilot-clock-075:r002
Job 0f85c386-2859-4325-a6c9-f42d9150892c  status=running  stage=sampling
[#####################-----------]  66.67%  elapsed=278s  006-shortest-war-ever:pilot-clock-075:r002
Job 0f85c386-2859-4325-a6c9-f42d9150892c  status=running  stage=sampling
[#####################-----------]  66.67%  elapsed=280s  006-shortest-war-ever:pilot-clock-075:r002
Job 0f85c386-2859-4325-a6c9-f42d9150892c  status=running  stage=sampling
[#####################-----------]  66.67%  elapsed=282s  006-shortest-war-ever:pilot-clock-075:r002
Job 0f85c386-2859-4325-a6c9-f42d9150892c  status=running  stage=sampling
[#####################-----------]  66.67%  elapsed=284s  006-shortest-war-ever:pilot-clock-075:r002
Job 0f85c386-2859-4325-a6c9-f42d9150892c  status=running  stage=sampling
[#####################-----------]  66.67%  elapsed=286s  006-shortest-war-ever:pilot-clock-075:r002
Job 0f85c386-2859-4325-a6c9-f42d9150892c  status=running  stage=sampling
[#####################-----------]  66.67%  elapsed=288s  006-shortest-war-ever:pilot-clock-075:r002
Job 0f85c386-2859-4325-a6c9-f42d9150892c  status=running  stage=sampling
[#####################-----------]  66.67%  elapsed=290s  006-shortest-war-ever:pilot-clock-075:r002
Job 0f85c386-2859-4325-a6c9-f42d9150892c  status=running  stage=sampling
[#####################-----------]  66.67%  elapsed=292s  006-shortest-war-ever:pilot-clock-075:r002
Job 0f85c386-2859-4325-a6c9-f42d9150892c  status=running  stage=sampling
[#####################-----------]  66.67%  elapsed=294s  006-shortest-war-ever:pilot-clock-075:r002
Job 0f85c386-2859-4325-a6c9-f42d9150892c  status=running  stage=sampling
[#####################-----------]  66.67%  elapsed=296s  006-shortest-war-ever:pilot-clock-075:r002
Job 0f85c386-2859-4325-a6c9-f42d9150892c  status=running  stage=sampling
[#####################-----------]  66.67%  elapsed=298s  006-shortest-war-ever:pilot-clock-075:r002
Job 0f85c386-2859-4325-a6c9-f42d9150892c  status=running  stage=sampling
[#####################-----------]  66.67%  elapsed=300s  006-shortest-war-ever:pilot-clock-075:r002
Job 0f85c386-2859-4325-a6c9-f42d9150892c  status=running  stage=sampling
[#####################-----------]  66.67%  elapsed=302s  006-shortest-war-ever:pilot-clock-075:r002
Job 0f85c386-2859-4325-a6c9-f42d9150892c  status=running  stage=sampling
[#####################-----------]  66.67%  elapsed=304s  006-shortest-war-ever:pilot-clock-075:r002
Job 0f85c386-2859-4325-a6c9-f42d9150892c  status=running  stage=sampling
[#####################-----------]  66.67%  elapsed=306s  006-shortest-war-ever:pilot-clock-075:r002
Job 0f85c386-2859-4325-a6c9-f42d9150892c  status=running  stage=sampling
[########################--------]  75.00%  elapsed=308s  006-shortest-war-ever:pilot-clock-075:r002
Job 0f85c386-2859-4325-a6c9-f42d9150892c  status=running  stage=sampling
[########################--------]  75.00%  elapsed=310s  006-shortest-war-ever:pilot-clock-075:r002
Job 0f85c386-2859-4325-a6c9-f42d9150892c  status=running  stage=sampling
[########################--------]  75.00%  elapsed=312s  006-shortest-war-ever:pilot-clock-075:r002
Job 0f85c386-2859-4325-a6c9-f42d9150892c  status=running  stage=sampling
[########################--------]  75.00%  elapsed=314s  006-shortest-war-ever:pilot-clock-075:r002
Job 0f85c386-2859-4325-a6c9-f42d9150892c  status=running  stage=sampling
[########################--------]  75.00%  elapsed=316s  006-shortest-war-ever:pilot-clock-075:r002
Job 0f85c386-2859-4325-a6c9-f42d9150892c  status=running  stage=sampling
[########################--------]  75.00%  elapsed=318s  006-shortest-war-ever:pilot-clock-075:r002
Job 0f85c386-2859-4325-a6c9-f42d9150892c  status=running  stage=sampling
[########################--------]  75.00%  elapsed=320s  006-shortest-war-ever:pilot-clock-075:r002
Job 0f85c386-2859-4325-a6c9-f42d9150892c  status=running  stage=sampling
[########################--------]  75.00%  elapsed=322s  006-shortest-war-ever:pilot-clock-075:r002
Job 0f85c386-2859-4325-a6c9-f42d9150892c  status=running  stage=sampling
[########################--------]  75.00%  elapsed=324s  006-shortest-war-ever:pilot-clock-075:r002
Job 0f85c386-2859-4325-a6c9-f42d9150892c  status=running  stage=sampling
[########################--------]  75.00%  elapsed=326s  006-shortest-war-ever:pilot-clock-075:r002
Job 0f85c386-2859-4325-a6c9-f42d9150892c  status=running  stage=sampling
[########################--------]  75.00%  elapsed=328s  006-shortest-war-ever:pilot-clock-075:r002
Job 0f85c386-2859-4325-a6c9-f42d9150892c  status=running  stage=sampling
[########################--------]  75.00%  elapsed=330s  006-shortest-war-ever:pilot-clock-075:r002
Job 0f85c386-2859-4325-a6c9-f42d9150892c  status=running  stage=sampling
[########################--------]  75.00%  elapsed=332s  006-shortest-war-ever:pilot-clock-075:r002
Job 0f85c386-2859-4325-a6c9-f42d9150892c  status=running  stage=sampling
[########################--------]  75.00%  elapsed=334s  006-shortest-war-ever:pilot-clock-075:r002
Job 0f85c386-2859-4325-a6c9-f42d9150892c  status=running  stage=sampling
[########################--------]  75.00%  elapsed=336s  006-shortest-war-ever:pilot-clock-075:r002
Job 0f85c386-2859-4325-a6c9-f42d9150892c  status=running  stage=sampling
[########################--------]  75.00%  elapsed=339s  006-shortest-war-ever:pilot-clock-075:r002
Job 0f85c386-2859-4325-a6c9-f42d9150892c  status=running  stage=sampling
[###########################-----]  83.33%  elapsed=341s  006-shortest-war-ever:pilot-clock-075:r002
Job 0f85c386-2859-4325-a6c9-f42d9150892c  status=running  stage=sampling
[###########################-----]  83.33%  elapsed=343s  006-shortest-war-ever:pilot-clock-075:r002
Job 0f85c386-2859-4325-a6c9-f42d9150892c  status=running  stage=sampling
[###########################-----]  83.33%  elapsed=345s  006-shortest-war-ever:pilot-clock-075:r002
Job 0f85c386-2859-4325-a6c9-f42d9150892c  status=running  stage=sampling
[###########################-----]  83.33%  elapsed=347s  006-shortest-war-ever:pilot-clock-075:r002
Job 0f85c386-2859-4325-a6c9-f42d9150892c  status=running  stage=sampling
[###########################-----]  83.33%  elapsed=349s  006-shortest-war-ever:pilot-clock-075:r002
Job 0f85c386-2859-4325-a6c9-f42d9150892c  status=running  stage=sampling
[###########################-----]  83.33%  elapsed=351s  006-shortest-war-ever:pilot-clock-075:r002
Job 0f85c386-2859-4325-a6c9-f42d9150892c  status=running  stage=sampling
[###########################-----]  83.33%  elapsed=353s  006-shortest-war-ever:pilot-clock-075:r002
Job 0f85c386-2859-4325-a6c9-f42d9150892c  status=running  stage=sampling
[###########################-----]  83.33%  elapsed=355s  006-shortest-war-ever:pilot-clock-075:r002
Job 0f85c386-2859-4325-a6c9-f42d9150892c  status=running  stage=sampling
[###########################-----]  83.33%  elapsed=357s  006-shortest-war-ever:pilot-clock-075:r002
Job 0f85c386-2859-4325-a6c9-f42d9150892c  status=running  stage=sampling
[###########################-----]  83.33%  elapsed=359s  006-shortest-war-ever:pilot-clock-075:r002
Job 0f85c386-2859-4325-a6c9-f42d9150892c  status=running  stage=sampling
[###########################-----]  83.33%  elapsed=361s  006-shortest-war-ever:pilot-clock-075:r002
Job 0f85c386-2859-4325-a6c9-f42d9150892c  status=running  stage=sampling
[###########################-----]  83.33%  elapsed=363s  006-shortest-war-ever:pilot-clock-075:r002
Job 0f85c386-2859-4325-a6c9-f42d9150892c  status=running  stage=sampling
[###########################-----]  83.33%  elapsed=365s  006-shortest-war-ever:pilot-clock-075:r002
Job 0f85c386-2859-4325-a6c9-f42d9150892c  status=running  stage=sampling
[###########################-----]  83.33%  elapsed=367s  006-shortest-war-ever:pilot-clock-075:r002
Job 0f85c386-2859-4325-a6c9-f42d9150892c  status=running  stage=sampling
[###########################-----]  83.33%  elapsed=369s  006-shortest-war-ever:pilot-clock-075:r002
Job 0f85c386-2859-4325-a6c9-f42d9150892c  status=running  stage=sampling
[###########################-----]  83.33%  elapsed=371s  006-shortest-war-ever:pilot-clock-075:r002
Job 0f85c386-2859-4325-a6c9-f42d9150892c  status=running  stage=sampling
[#############################---]  91.67%  elapsed=373s  006-shortest-war-ever:pilot-clock-075:r002
Job 0f85c386-2859-4325-a6c9-f42d9150892c  status=running  stage=sampling
[#############################---]  91.67%  elapsed=375s  006-shortest-war-ever:pilot-clock-075:r002
Job 0f85c386-2859-4325-a6c9-f42d9150892c  status=running  stage=sampling
[#############################---]  91.67%  elapsed=377s  006-shortest-war-ever:pilot-clock-075:r002
Job 0f85c386-2859-4325-a6c9-f42d9150892c  status=running  stage=sampling
[#############################---]  91.67%  elapsed=379s  006-shortest-war-ever:pilot-clock-075:r002
Job 0f85c386-2859-4325-a6c9-f42d9150892c  status=running  stage=sampling
[#############################---]  91.67%  elapsed=381s  006-shortest-war-ever:pilot-clock-075:r002
Job 0f85c386-2859-4325-a6c9-f42d9150892c  status=running  stage=sampling
[#############################---]  91.67%  elapsed=383s  006-shortest-war-ever:pilot-clock-075:r002
Job 0f85c386-2859-4325-a6c9-f42d9150892c  status=running  stage=sampling
[#############################---]  91.67%  elapsed=385s  006-shortest-war-ever:pilot-clock-075:r002
Job 0f85c386-2859-4325-a6c9-f42d9150892c  status=running  stage=sampling
[#############################---]  91.67%  elapsed=387s  006-shortest-war-ever:pilot-clock-075:r002
Job 0f85c386-2859-4325-a6c9-f42d9150892c  status=running  stage=sampling
[#############################---]  91.67%  elapsed=389s  006-shortest-war-ever:pilot-clock-075:r002
Job 0f85c386-2859-4325-a6c9-f42d9150892c  status=running  stage=sampling
[#############################---]  91.67%  elapsed=391s  006-shortest-war-ever:pilot-clock-075:r002
Job 0f85c386-2859-4325-a6c9-f42d9150892c  status=running  stage=sampling
[#############################---]  91.67%  elapsed=393s  006-shortest-war-ever:pilot-clock-075:r002
Job 0f85c386-2859-4325-a6c9-f42d9150892c  status=running  stage=sampling
[#############################---]  91.67%  elapsed=395s  006-shortest-war-ever:pilot-clock-075:r002
Job 0f85c386-2859-4325-a6c9-f42d9150892c  status=running  stage=sampling
[#############################---]  91.67%  elapsed=397s  006-shortest-war-ever:pilot-clock-075:r002
Job 0f85c386-2859-4325-a6c9-f42d9150892c  status=running  stage=sampling
[#############################---]  91.67%  elapsed=399s  006-shortest-war-ever:pilot-clock-075:r002
Job 0f85c386-2859-4325-a6c9-f42d9150892c  status=running  stage=sampling
[#############################---]  91.67%  elapsed=401s  006-shortest-war-ever:pilot-clock-075:r002
Job 0f85c386-2859-4325-a6c9-f42d9150892c  status=running  stage=sampling
[#############################---]  91.67%  elapsed=403s  006-shortest-war-ever:pilot-clock-075:r002
Job 0f85c386-2859-4325-a6c9-f42d9150892c  status=running  stage=sampling
[#############################---]  91.67%  elapsed=405s  006-shortest-war-ever:pilot-clock-075:r002
Job 0f85c386-2859-4325-a6c9-f42d9150892c  status=running  stage=sampling
[################################] 100.00%  elapsed=407s  006-shortest-war-ever:pilot-clock-075:r002
Job 0f85c386-2859-4325-a6c9-f42d9150892c  status=running  stage=sampling
[################################] 100.00%  elapsed=409s  006-shortest-war-ever:pilot-clock-075:r002
Job 0f85c386-2859-4325-a6c9-f42d9150892c  status=running  stage=running
[################################] 100.00%  elapsed=411s  006-shortest-war-ever:pilot-clock-075:r002
Job 0f85c386-2859-4325-a6c9-f42d9150892c  status=running  stage=running
[################################] 100.00%  elapsed=413s  006-shortest-war-ever:pilot-clock-075:r002
Job 0f85c386-2859-4325-a6c9-f42d9150892c  status=running  stage=running
[################################] 100.00%  elapsed=415s  006-shortest-war-ever:pilot-clock-075:r002
Job 0f85c386-2859-4325-a6c9-f42d9150892c  status=running  stage=running
[################################] 100.00%  elapsed=417s  006-shortest-war-ever:pilot-clock-075:r002
Job 0f85c386-2859-4325-a6c9-f42d9150892c  status=running  stage=running
[################################] 100.00%  elapsed=419s  006-shortest-war-ever:pilot-clock-075:r002
Job 0f85c386-2859-4325-a6c9-f42d9150892c  status=running  stage=running
[################################] 100.00%  elapsed=421s  006-shortest-war-ever:pilot-clock-075:r002
Job 0f85c386-2859-4325-a6c9-f42d9150892c  status=running  stage=running
[################################] 100.00%  elapsed=423s  006-shortest-war-ever:pilot-clock-075:r002
Job 0f85c386-2859-4325-a6c9-f42d9150892c  status=running  stage=running
[################################] 100.00%  elapsed=425s  006-shortest-war-ever:pilot-clock-075:r002
Job 0f85c386-2859-4325-a6c9-f42d9150892c  status=running  stage=running
[################################] 100.00%  elapsed=427s  006-shortest-war-ever:pilot-clock-075:r002
Job 0f85c386-2859-4325-a6c9-f42d9150892c  status=running  stage=running
[################################] 100.00%  elapsed=429s  006-shortest-war-ever:pilot-clock-075:r002
Job 0f85c386-2859-4325-a6c9-f42d9150892c  status=running  stage=running
[################################] 100.00%  elapsed=431s  006-shortest-war-ever:pilot-clock-075:r002
Job 0f85c386-2859-4325-a6c9-f42d9150892c  status=running  stage=running
[################################] 100.00%  elapsed=433s  006-shortest-war-ever:pilot-clock-075:r002
Job 0f85c386-2859-4325-a6c9-f42d9150892c  status=running  stage=running
[################################] 100.00%  elapsed=435s  006-shortest-war-ever:pilot-clock-075:r002
Job 0f85c386-2859-4325-a6c9-f42d9150892c  status=running  stage=running
[################################] 100.00%  elapsed=437s  006-shortest-war-ever:pilot-clock-075:r002
Job 0f85c386-2859-4325-a6c9-f42d9150892c  status=running  stage=running
[################################] 100.00%  elapsed=439s  006-shortest-war-ever:pilot-clock-075:r002
Job 0f85c386-2859-4325-a6c9-f42d9150892c  status=running  stage=running
[################################] 100.00%  elapsed=441s  006-shortest-war-ever:pilot-clock-075:r002
Job 0f85c386-2859-4325-a6c9-f42d9150892c  status=running  stage=running
[################################] 100.00%  elapsed=443s  006-shortest-war-ever:pilot-clock-075:r002
Job 0f85c386-2859-4325-a6c9-f42d9150892c  status=postprocessing  stage=saving
[################################] 100.00%  elapsed=445s  006-shortest-war-ever:pilot-clock-075:r002
Job 0f85c386-2859-4325-a6c9-f42d9150892c  status=succeeded  stage=succeeded
[################################] 100.00%  elapsed=447s  006-shortest-war-ever:pilot-clock-075:r002
{
  "job_id": "0f85c386-2859-4325-a6c9-f42d9150892c",
  "identity": "006-shortest-war-ever:pilot-clock-075:r002",
  "status": "succeeded",
  "stage": "succeeded",
  "progress_percent": 100.0,
  "metrics": {
    "started_at": "2026-10-01T23:53:54.094868+00:00",
    "completed_at": "2026-10-02T00:01:19.314211+00:00",
    "elapsed_seconds": 445.219,
    "sample_interval_seconds": 2,
    "sample_count": 221,
    "system": {
      "cpu_percent_average": 13.492,
      "cpu_percent_peak": 58.36,
      "memory_used_mib_peak": 29391.05078125,
      "memory_available_mib_min": 1780.89453125,
      "service_rss_mib_peak": 74.75390625,
      "load_1m_peak": 2.72509765625,
      "output_disk_free_gib_min": 116.08430099487305
    },
    "gpus": [
      {
        "index": 0,
        "name": "NVIDIA GeForce RTX 4060 Ti",
        "utilization_percent_average": 97.208,
        "utilization_percent_peak": 100.0,
        "memory_used_mib_peak": 15759.0,
        "memory_total_mib": 16380.0,
        "temperature_c_peak": 74.0,
        "power_w_average": 145.085,
        "power_w_peak": 164.88,
        "estimated_energy_wh": 17.943
      }
    ],
    "sample_errors": [],
    "samples": [
      {
        "timestamp": "2026-10-01T23:53:54.127329+00:00",
        "elapsed_seconds": 0.032,
        "system_cpu_percent": null,
        "load_average": [
          0.5166015625,
          0.802734375,
          0.99462890625
        ],
        "memory": {
          "total_mib": 31171.9453125,
          "available_mib": 3694.26171875,
          "used_mib": 27477.68359375
        },
        "service_rss_mib": 68.3828125,
        "output_disk_free_gib": 116.08597946166992,
        "gpus": [
          {
            "index": 0,
            "name": "NVIDIA GeForce RTX 4060 Ti",
            "utilization_percent": 7.0,
            "memory_used_mib": 14830.0,
            "memory_total_mib": 16380.0,
            "temperature_c": 50.0,
            "power_w": 10.02
          }
        ]
      },
      {
        "timestamp": "2026-10-01T23:53:56.161559+00:00",
        "elapsed_seconds": 2.067,
        "system_cpu_percent": 19.63,
        "load_average": [
          0.6357421875,
          0.82275390625,
          1.00048828125
        ],
        "memory": {
          "total_mib": 31171.9453125,
          "available_mib": 3653.4453125,
          "used_mib": 27518.5
        },
        "service_rss_mib": 74.73828125,
        "output_disk_free_gib": 116.08588027954102,
        "gpus": [
          {
            "index": 0,
            "name": "NVIDIA GeForce RTX 4060 Ti",
            "utilization_percent": 100.0,
            "memory_used_mib": 5454.0,
            "memory_total_mib": 16380.0,
            "temperature_c": 69.0,
            "power_w": 131.51
          }
        ]
      },
      {
        "timestamp": "2026-10-01T23:53:58.189014+00:00",
        "elapsed_seconds": 4.094,
        "system_cpu_percent": 29.38,
        "load_average": [
          0.6357421875,
          0.82275390625,
          1.00048828125
        ],
        "memory": {
          "total_mib": 31171.9453125,
          "available_mib": 2030.328125,
          "used_mib": 29141.6171875
        },
        "service_rss_mib": 74.73828125,
        "output_disk_free_gib": 116.08587265014648,
        "gpus": [
          {
            "index": 0,
            "name": "NVIDIA GeForce RTX 4060 Ti",
            "utilization_percent": 100.0,
            "memory_used_mib": 12622.0,
            "memory_total_mib": 16380.0,
            "temperature_c": 71.0,
            "power_w": 159.13
          }
        ]
      },
      {
        "timestamp": "2026-10-01T23:54:00.214659+00:00",
        "elapsed_seconds": 6.12,
        "system_cpu_percent": 19.31,
        "load_average": [
          0.6650390625,
          0.826171875,
          1.0
        ],
        "memory": {
          "total_mib": 31171.9453125,
          "available_mib": 1919.640625,
          "used_mib": 29252.3046875
        },
        "service_rss_mib": 74.73828125,
        "output_disk_free_gib": 116.08589172363281,
        "gpus": [
          {
            "index": 0,
            "name": "NVIDIA GeForce RTX 4060 Ti",
            "utilization_percent": 100.0,
            "memory_used_mib": 12622.0,
            "memory_total_mib": 16380.0,
            "temperature_c": 69.0,
            "power_w": 159.1
          }
        ]
      },
      {
        "timestamp": "2026-10-01T23:54:02.241883+00:00",
        "elapsed_seconds": 8.147,
        "system_cpu_percent": 32.6,
        "load_average": [
          0.6650390625,
          0.826171875,
          1.0
        ],
        "memory": {
          "total_mib": 31171.9453125,
          "available_mib": 2098.6875,
          "used_mib": 29073.2578125
        },
        "service_rss_mib": 74.73828125,
        "output_disk_free_gib": 116.08584976196289,
        "gpus": [
          {
            "index": 0,
            "name": "NVIDIA GeForce RTX 4060 Ti",
            "utilization_percent": 70.0,
            "memory_used_mib": 14574.0,
            "memory_total_mib": 16380.0,
            "temperature_c": 70.0,
            "power_w": 137.43
          }
        ]
      },
      {
        "timestamp": "2026-10-01T23:54:04.273914+00:00",
        "elapsed_seconds": 10.179,
        "system_cpu_percent": 34.8,
        "load_average": [
          0.6650390625,
          0.826171875,
          1.0
        ],
        "memory": {
          "total_mib": 31171.9453125,
          "available_mib": 2080.7578125,
          "used_mib": 29091.1875
        },
        "service_rss_mib": 74.73828125,
        "output_disk_free_gib": 116.08583068847656,
        "gpus": [
          {
            "index": 0,
            "name": "NVIDIA GeForce RTX 4060 Ti",
            "utilization_percent": 79.0,
            "memory_used_mib": 15198.0,
            "memory_total_mib": 16380.0,
            "temperature_c": 70.0,
            "power_w": 143.63
          }
        ]
      },
      {
        "timestamp": "2026-10-01T23:54:06.298351+00:00",
        "elapsed_seconds": 12.203,
        "system_cpu_percent": 30.45,
        "load_average": [
          0.85205078125,
          0.8623046875,
          1.0107421875
        ],
        "memory": {
          "total_mib": 31171.9453125,
          "available_mib": 3640.9921875,
          "used_mib": 27530.953125
        },
        "service_rss_mib": 74.73828125,
        "output_disk_free_gib": 116.0858039855957,
        "gpus": [
          {
            "index": 0,
            "name": "NVIDIA GeForce RTX 4060 Ti",
            "utilization_percent": 100.0,
            "memory_used_mib": 6406.0,
            "memory_total_mib": 16380.0,
            "temperature_c": 71.0,
            "power_w": 92.98
          }
        ]
      },
      {
        "timestamp": "2026-10-01T23:54:08.327918+00:00",
        "elapsed_seconds": 14.233,
        "system_cpu_percent": 13.44,
        "load_average": [
          0.85205078125,
          0.8623046875,
          1.0107421875
        ],
        "memory": {
          "total_mib": 31171.9453125,
          "available_mib": 2404.50390625,
          "used_mib": 28767.44140625
        },
        "service_rss_mib": 74.73828125,
        "output_disk_free_gib": 116.0858039855957,
        "gpus": [
          {
            "index": 0,
            "name": "NVIDIA GeForce RTX 4060 Ti",
            "utilization_percent": 100.0,
            "memory_used_mib": 6886.0,
            "memory_total_mib": 16380.0,
            "temperature_c": 72.0,
            "power_w": 145.45
          }
        ]
      },
      {
        "timestamp": "2026-10-01T23:54:10.352513+00:00",
        "elapsed_seconds": 16.258,
        "system_cpu_percent": 12.17,
        "load_average": [
          1.0244140625,
          0.89794921875,
          1.021484375
        ],
        "memory": {
          "total_mib": 31171.9453125,
          "available_mib": 2095.86328125,
          "used_mib": 29076.08203125
        },
        "service_rss_mib": 74.73828125,
        "output_disk_free_gib": 116.08578872680664,
        "gpus": [
          {
            "index": 0,
            "name": "NVIDIA GeForce RTX 4060 Ti",
            "utilization_percent": 100.0,
            "memory_used_mib": 7270.0,
            "memory_total_mib": 16380.0,
            "temperature_c": 72.0,
            "power_w": 143.96
          }
        ]
      },
      {
        "timestamp": "2026-10-01T23:54:12.376455+00:00",
        "elapsed_seconds": 18.282,
        "system_cpu_percent": 11.16,
        "load_average": [
          1.0244140625,
          0.89794921875,
          1.021484375
        ],
        "memory": {
          "total_mib": 31171.9453125,
          "available_mib": 2068.41796875,
          "used_mib": 29103.52734375
        },
        "service_rss_mib": 74.73828125,
        "output_disk_free_gib": 116.08577728271484,
        "gpus": [
          {
            "index": 0,
            "name": "NVIDIA GeForce RTX 4060 Ti",
            "utilization_percent": 100.0,
            "memory_used_mib": 7270.0,
            "memory_total_mib": 16380.0,
            "temperature_c": 72.0,
            "power_w": 144.17
          }
        ]
      },
      {
        "timestamp": "2026-10-01T23:54:14.407577+00:00",
        "elapsed_seconds": 20.313,
        "system_cpu_percent": 14.87,
        "load_average": [
          1.0244140625,
          0.89794921875,
          1.021484375
        ],
        "memory": {
          "total_mib": 31171.9453125,
          "available_mib": 2143.109375,
          "used_mib": 29028.8359375
        },
        "service_rss_mib": 74.73828125,
        "output_disk_free_gib": 116.08576202392578,
        "gpus": [
          {
            "index": 0,
            "name": "NVIDIA GeForce RTX 4060 Ti",
            "utilization_percent": 100.0,
            "memory_used_mib": 7495.0,
            "memory_total_mib": 16380.0,
            "temperature_c": 72.0,
            "power_w": 134.64
          }
        ]
      },
      {
        "timestamp": "2026-10-01T23:54:16.434568+00:00",
        "elapsed_seconds": 22.34,
        "system_cpu_percent": 13.39,
        "load_average": [
          1.1025390625,
          0.91650390625,
          1.02685546875
        ],
        "memory": {
          "total_mib": 31171.9453125,
          "available_mib": 2027.4921875,
          "used_mib": 29144.453125
        },
        "service_rss_mib": 74.73828125,
        "output_disk_free_gib": 116.0857048034668,
        "gpus": [
          {
            "index": 0,
            "name": "NVIDIA GeForce RTX 4060 Ti",
            "utilization_percent": 100.0,
            "memory_used_mib": 8263.0,
            "memory_total_mib": 16380.0,
            "temperature_c": 72.0,
            "power_w": 140.16
          }
        ]
      },
      {
        "timestamp": "2026-10-01T23:54:18.459306+00:00",
        "elapsed_seconds": 24.364,
        "system_cpu_percent": 12.13,
        "load_average": [
          1.1025390625,
          0.91650390625,
          1.02685546875
        ],
        "memory": {
          "total_mib": 31171.9453125,
          "available_mib": 2093.8125,
          "used_mib": 29078.1328125
        },
        "service_rss_mib": 74.73828125,
        "output_disk_free_gib": 116.08567428588867,
        "gpus": [
          {
            "index": 0,
            "name": "NVIDIA GeForce RTX 4060 Ti",
            "utilization_percent": 100.0,
            "memory_used_mib": 9030.0,
            "memory_total_mib": 16380.0,
            "temperature_c": 67.0,
            "power_w": 140.15
          }
        ]
      },
      {
        "timestamp": "2026-10-01T23:54:20.490616+00:00",
        "elapsed_seconds": 26.396,
        "system_cpu_percent": 13.84,
        "load_average": [
          1.09423828125,
          0.91796875,
          1.0263671875
        ],
        "memory": {
          "total_mib": 31171.9453125,
          "available_mib": 2113.17578125,
          "used_mib": 29058.76953125
        },
        "service_rss_mib": 74.73828125,
        "output_disk_free_gib": 116.08564758300781,
        "gpus": [
          {
            "index": 0,
            "name": "NVIDIA GeForce RTX 4060 Ti",
            "utilization_percent": 100.0,
            "memory_used_mib": 9798.0,
            "memory_total_mib": 16380.0,
            "temperature_c": 69.0,
            "power_w": 139.26
          }
        ]
      },
      {
        "timestamp": "2026-10-01T23:54:22.515215+00:00",
        "elapsed_seconds": 28.42,
        "system_cpu_percent": 12.77,
        "load_average": [
          1.09423828125,
          0.91796875,
          1.0263671875
        ],
        "memory": {
          "total_mib": 31171.9453125,
          "available_mib": 2087.84375,
          "used_mib": 29084.1015625
        },
        "service_rss_mib": 74.73828125,
        "output_disk_free_gib": 116.0856704711914,
        "gpus": [
          {
            "index": 0,
            "name": "NVIDIA GeForce RTX 4060 Ti",
            "utilization_percent": 100.0,
            "memory_used_mib": 10566.0,
            "memory_total_mib": 16380.0,
            "temperature_c": 71.0,
            "power_w": 136.68
          }
        ]
      },
      {
        "timestamp": "2026-10-01T23:54:24.541087+00:00",
        "elapsed_seconds": 30.446,
        "system_cpu_percent": 14.9,
        "load_average": [
          1.09423828125,
          0.91796875,
          1.0263671875
        ],
        "memory": {
          "total_mib": 31171.9453125,
          "available_mib": 2082.8828125,
          "used_mib": 29089.0625
        },
        "service_rss_mib": 74.73828125,
        "output_disk_free_gib": 116.08562850952148,
        "gpus": [
          {
            "index": 0,
            "name": "NVIDIA GeForce RTX 4060 Ti",
            "utilization_percent": 100.0,
            "memory_used_mib": 11078.0,
            "memory_total_mib": 16380.0,
            "temperature_c": 72.0,
            "power_w": 131.61
          }
        ]
      },
      {
        "timestamp": "2026-10-01T23:54:26.569893+00:00",
        "elapsed_seconds": 32.475,
        "system_cpu_percent": 21.73,
        "load_average": [
          1.2470703125,
          0.95263671875,
          1.037109375
        ],
        "memory": {
          "total_mib": 31171.9453125,
          "available_mib": 2084.73046875,
          "used_mib": 29087.21484375
        },
        "service_rss_mib": 74.73828125,
        "output_disk_free_gib": 116.08590316772461,
        "gpus": [
          {
            "index": 0,
            "name": "NVIDIA GeForce RTX 4060 Ti",
            "utilization_percent": 100.0,
            "memory_used_mib": 11943.0,
            "memory_total_mib": 16380.0,
            "temperature_c": 67.0,
            "power_w": 131.61
          }
        ]
      },
      {
        "timestamp": "2026-10-01T23:54:28.611379+00:00",
        "elapsed_seconds": 34.517,
        "system_cpu_percent": 12.55,
        "load_average": [
          1.2470703125,
          0.95263671875,
          1.037109375
        ],
        "memory": {
          "total_mib": 31171.9453125,
          "available_mib": 2113.7890625,
          "used_mib": 29058.15625
        },
        "service_rss_mib": 74.7421875,
        "output_disk_free_gib": 116.08589553833008,
        "gpus": [
          {
            "index": 0,
            "name": "NVIDIA GeForce RTX 4060 Ti",
            "utilization_percent": 23.0,
            "memory_used_mib": 12583.0,
            "memory_total_mib": 16380.0,
            "temperature_c": 60.0,
            "power_w": 139.28
          }
        ]
      },
      {
        "timestamp": "2026-10-01T23:54:30.646884+00:00",
        "elapsed_seconds": 36.552,
        "system_cpu_percent": 14.35,
        "load_average": [
          1.3076171875,
          0.97021484375,
          1.04248046875
        ],
        "memory": {
          "total_mib": 31171.9453125,
          "available_mib": 2072.34765625,
          "used_mib": 29099.59765625
        },
        "service_rss_mib": 74.7421875,
        "output_disk_free_gib": 116.08588409423828,
        "gpus": [
          {
            "index": 0,
            "name": "NVIDIA GeForce RTX 4060 Ti",
            "utilization_percent": 100.0,
            "memory_used_mib": 13095.0,
            "memory_total_mib": 16380.0,
            "temperature_c": 70.0,
            "power_w": 145.78
          }
        ]
      },
      {
        "timestamp": "2026-10-01T23:54:32.675967+00:00",
        "elapsed_seconds": 38.581,
        "system_cpu_percent": 13.09,
        "load_average": [
          1.3076171875,
          0.97021484375,
          1.04248046875
        ],
        "memory": {
          "total_mib": 31171.9453125,
          "available_mib": 2116.859375,
          "used_mib": 29055.0859375
        },
        "service_rss_mib": 74.7421875,
        "output_disk_free_gib": 116.08586502075195,
        "gpus": [
          {
            "index": 0,
            "name": "NVIDIA GeForce RTX 4060 Ti",
            "utilization_percent": 100.0,
            "memory_used_mib": 14215.0,
            "memory_total_mib": 16380.0,
            "temperature_c": 71.0,
            "power_w": 135.09
          }
        ]
      },
      {
        "timestamp": "2026-10-01T23:54:34.700493+00:00",
        "elapsed_seconds": 40.606,
        "system_cpu_percent": 12.46,
        "load_average": [
          1.36328125,
          0.98779296875,
          1.0478515625
        ],
        "memory": {
          "total_mib": 31171.9453125,
          "available_mib": 2181.99609375,
          "used_mib": 28989.94921875
        },
        "service_rss_mib": 74.7421875,
        "output_disk_free_gib": 116.08585739135742,
        "gpus": [
          {
            "index": 0,
            "name": "NVIDIA GeForce RTX 4060 Ti",
            "utilization_percent": 100.0,
            "memory_used_mib": 14759.0,
            "memory_total_mib": 16380.0,
            "temperature_c": 71.0,
            "power_w": 136.21
          }
        ]
      },
      {
        "timestamp": "2026-10-01T23:54:36.725254+00:00",
        "elapsed_seconds": 42.63,
        "system_cpu_percent": 17.6,
        "load_average": [
          1.36328125,
          0.98779296875,
          1.0478515625
        ],
        "memory": {
          "total_mib": 31171.9453125,
          "available_mib": 1952.734375,
          "used_mib": 29219.2109375
        },
        "service_rss_mib": 74.7421875,
        "output_disk_free_gib": 116.08579635620117,
        "gpus": [
          {
            "index": 0,
            "name": "NVIDIA GeForce RTX 4060 Ti",
            "utilization_percent": 100.0,
            "memory_used_mib": 15687.0,
            "memory_total_mib": 16380.0,
            "temperature_c": 71.0,
            "power_w": 146.82
          }
        ]
      },
      {
        "timestamp": "2026-10-01T23:54:38.754524+00:00",
        "elapsed_seconds": 44.66,
        "system_cpu_percent": 17.66,
        "load_average": [
          1.36328125,
          0.98779296875,
          1.0478515625
        ],
        "memory": {
          "total_mib": 31171.9453125,
          "available_mib": 2208.7421875,
          "used_mib": 28963.203125
        },
        "service_rss_mib": 74.7421875,
        "output_disk_free_gib": 116.08577728271484,
        "gpus": [
          {
            "index": 0,
            "name": "NVIDIA GeForce RTX 4060 Ti",
            "utilization_percent": 100.0,
            "memory_used_mib": 15687.0,
            "memory_total_mib": 16380.0,
            "temperature_c": 67.0,
            "power_w": 128.73
          }
        ]
      },
      {
        "timestamp": "2026-10-01T23:54:40.782363+00:00",
        "elapsed_seconds": 46.688,
        "system_cpu_percent": 13.15,
        "load_average": [
          1.333984375,
          0.98828125,
          1.04736328125
        ],
        "memory": {
          "total_mib": 31171.9453125,
          "available_mib": 2216.23828125,
          "used_mib": 28955.70703125
        },
        "service_rss_mib": 74.7421875,
        "output_disk_free_gib": 116.08576202392578,
        "gpus": [
          {
            "index": 0,
            "name": "NVIDIA GeForce RTX 4060 Ti",
            "utilization_percent": 75.0,
            "memory_used_mib": 15687.0,
            "memory_total_mib": 16380.0,
            "temperature_c": 61.0,
            "power_w": 134.49
          }
        ]
      },
      {
        "timestamp": "2026-10-01T23:54:42.816145+00:00",
        "elapsed_seconds": 48.721,
        "system_cpu_percent": 12.49,
        "load_average": [
          1.333984375,
          0.98828125,
          1.04736328125
        ],
        "memory": {
          "total_mib": 31171.9453125,
          "available_mib": 2196.67578125,
          "used_mib": 28975.26953125
        },
        "service_rss_mib": 74.7421875,
        "output_disk_free_gib": 116.08573532104492,
        "gpus": [
          {
            "index": 0,
            "name": "NVIDIA GeForce RTX 4060 Ti",
            "utilization_percent": 100.0,
            "memory_used_mib": 15655.0,
            "memory_total_mib": 16380.0,
            "temperature_c": 68.0,
            "power_w": 145.95
          }
        ]
      },
      {
        "timestamp": "2026-10-01T23:54:44.857498+00:00",
        "elapsed_seconds": 50.763,
        "system_cpu_percent": 11.3,
        "load_average": [
          1.3876953125,
          1.00537109375,
          1.052734375
        ],
        "memory": {
          "total_mib": 31171.9453125,
          "available_mib": 2186.83203125,
          "used_mib": 28985.11328125
        },
        "service_rss_mib": 74.7421875,
        "output_disk_free_gib": 116.08570861816406,
        "gpus": [
          {
            "index": 0,
            "name": "NVIDIA GeForce RTX 4060 Ti",
            "utilization_percent": 100.0,
            "memory_used_mib": 15655.0,
            "memory_total_mib": 16380.0,
            "temperature_c": 69.0,
            "power_w": 146.88
          }
        ]
      },
      {
        "timestamp": "2026-10-01T23:54:46.885641+00:00",
        "elapsed_seconds": 52.791,
        "system_cpu_percent": 12.98,
        "load_average": [
          1.3876953125,
          1.00537109375,
          1.052734375
        ],
        "memory": {
          "total_mib": 31171.9453125,
          "available_mib": 2188.453125,
          "used_mib": 28983.4921875
        },
        "service_rss_mib": 74.7421875,
        "output_disk_free_gib": 116.08569717407227,
        "gpus": [
          {
            "index": 0,
            "name": "NVIDIA GeForce RTX 4060 Ti",
            "utilization_percent": 100.0,
            "memory_used_mib": 15656.0,
            "memory_total_mib": 16380.0,
            "temperature_c": 68.0,
            "power_w": 147.75
          }
        ]
      },
      {
        "timestamp": "2026-10-01T23:54:48.911669+00:00",
        "elapsed_seconds": 54.817,
        "system_cpu_percent": 10.79,
        "load_average": [
          1.3876953125,
          1.00537109375,
          1.052734375
        ],
        "memory": {
          "total_mib": 31171.9453125,
          "available_mib": 2269.74609375,
          "used_mib": 28902.19921875
        },
        "service_rss_mib": 74.7421875,
        "output_disk_free_gib": 116.08570098876953,
        "gpus": [
          {
            "index": 0,
            "name": "NVIDIA GeForce RTX 4060 Ti",
            "utilization_percent": 100.0,
            "memory_used_mib": 15656.0,
            "memory_total_mib": 16380.0,
            "temperature_c": 71.0,
            "power_w": 147.93
          }
        ]
      },
      {
        "timestamp": "2026-10-01T23:54:50.940178+00:00",
        "elapsed_seconds": 56.845,
        "system_cpu_percent": 12.73,
        "load_average": [
          1.43701171875,
          1.02197265625,
          1.05810546875
        ],
        "memory": {
          "total_mib": 31171.9453125,
          "available_mib": 2306.68359375,
          "used_mib": 28865.26171875
        },
        "service_rss_mib": 74.7421875,
        "output_disk_free_gib": 116.08568572998047,
        "gpus": [
          {
            "index": 0,
            "name": "NVIDIA GeForce RTX 4060 Ti",
            "utilization_percent": 100.0,
            "memory_used_mib": 15655.0,
            "memory_total_mib": 16380.0,
            "temperature_c": 72.0,
            "power_w": 147.04
          }
        ]
      },
      {
        "timestamp": "2026-10-01T23:54:52.967830+00:00",
        "elapsed_seconds": 58.873,
        "system_cpu_percent": 11.74,
        "load_average": [
          1.43701171875,
          1.02197265625,
          1.05810546875
        ],
        "memory": {
          "total_mib": 31171.9453125,
          "available_mib": 2305.62109375,
          "used_mib": 28866.32421875
        },
        "service_rss_mib": 74.7421875,
        "output_disk_free_gib": 116.08567428588867,
        "gpus": [
          {
            "index": 0,
            "name": "NVIDIA GeForce RTX 4060 Ti",
            "utilization_percent": 100.0,
            "memory_used_mib": 15655.0,
            "memory_total_mib": 16380.0,
            "temperature_c": 72.0,
            "power_w": 148.31
          }
        ]
      },
      {
        "timestamp": "2026-10-01T23:54:54.996134+00:00",
        "elapsed_seconds": 60.901,
        "system_cpu_percent": 11.05,
        "load_average": [
          1.40185546875,
          1.021484375,
          1.0576171875
        ],
        "memory": {
          "total_mib": 31171.9453125,
          "available_mib": 2329.0078125,
          "used_mib": 28842.9375
        },
        "service_rss_mib": 74.7421875,
        "output_disk_free_gib": 116.085693359375,
        "gpus": [
          {
            "index": 0,
            "name": "NVIDIA GeForce RTX 4060 Ti",
            "utilization_percent": 100.0,
            "memory_used_mib": 15655.0,
            "memory_total_mib": 16380.0,
            "temperature_c": 72.0,
            "power_w": 147.82
          }
        ]
      },
      {
        "timestamp": "2026-10-01T23:54:57.022371+00:00",
        "elapsed_seconds": 62.928,
        "system_cpu_percent": 11.68,
        "load_average": [
          1.40185546875,
          1.021484375,
          1.0576171875
        ],
        "memory": {
          "total_mib": 31171.9453125,
          "available_mib": 2352.51171875,
          "used_mib": 28819.43359375
        },
        "service_rss_mib": 74.7421875,
        "output_disk_free_gib": 116.08564758300781,
        "gpus": [
          {
            "index": 0,
            "name": "NVIDIA GeForce RTX 4060 Ti",
            "utilization_percent": 100.0,
            "memory_used_mib": 15656.0,
            "memory_total_mib": 16380.0,
            "temperature_c": 72.0,
            "power_w": 147.1
          }
        ]
      },
      {
        "timestamp": "2026-10-01T23:54:59.048546+00:00",
        "elapsed_seconds": 64.954,
        "system_cpu_percent": 10.75,
        "load_average": [
          1.40185546875,
          1.021484375,
          1.0576171875
        ],
        "memory": {
          "total_mib": 31171.9453125,
          "available_mib": 2315.15234375,
          "used_mib": 28856.79296875
        },
        "service_rss_mib": 74.7421875,
        "output_disk_free_gib": 116.08563232421875,
        "gpus": [
          {
            "index": 0,
            "name": "NVIDIA GeForce RTX 4060 Ti",
            "utilization_percent": 100.0,
            "memory_used_mib": 15656.0,
            "memory_total_mib": 16380.0,
            "temperature_c": 72.0,
            "power_w": 144.93
          }
        ]
      },
      {
        "timestamp": "2026-10-01T23:55:01.074079+00:00",
        "elapsed_seconds": 66.979,
        "system_cpu_percent": 12.84,
        "load_average": [
          1.36962890625,
          1.02099609375,
          1.05712890625
        ],
        "memory": {
          "total_mib": 31171.9453125,
          "available_mib": 2334.109375,
          "used_mib": 28837.8359375
        },
        "service_rss_mib": 74.7421875,
        "output_disk_free_gib": 116.08560180664062,
        "gpus": [
          {
            "index": 0,
            "name": "NVIDIA GeForce RTX 4060 Ti",
            "utilization_percent": 100.0,
            "memory_used_mib": 15656.0,
            "memory_total_mib": 16380.0,
            "temperature_c": 72.0,
            "power_w": 144.43
          }
        ]
      },
      {
        "timestamp": "2026-10-01T23:55:03.107795+00:00",
        "elapsed_seconds": 69.013,
        "system_cpu_percent": 11.15,
        "load_average": [
          1.36962890625,
          1.02099609375,
          1.05712890625
        ],
        "memory": {
          "total_mib": 31171.9453125,
          "available_mib": 2341.33203125,
          "used_mib": 28830.61328125
        },
        "service_rss_mib": 74.7421875,
        "output_disk_free_gib": 116.0855941772461,
        "gpus": [
          {
            "index": 0,
            "name": "NVIDIA GeForce RTX 4060 Ti",
            "utilization_percent": 100.0,
            "memory_used_mib": 15656.0,
            "memory_total_mib": 16380.0,
            "temperature_c": 70.0,
            "power_w": 145.12
          }
        ]
      },
      {
        "timestamp": "2026-10-01T23:55:05.146816+00:00",
        "elapsed_seconds": 71.052,
        "system_cpu_percent": 10.96,
        "load_average": [
          1.33984375,
          1.0205078125,
          1.056640625
        ],
        "memory": {
          "total_mib": 31171.9453125,
          "available_mib": 2376.64453125,
          "used_mib": 28795.30078125
        },
        "service_rss_mib": 74.7421875,
        "output_disk_free_gib": 116.08560943603516,
        "gpus": [
          {
            "index": 0,
            "name": "NVIDIA GeForce RTX 4060 Ti",
            "utilization_percent": 100.0,
            "memory_used_mib": 15656.0,
            "memory_total_mib": 16380.0,
            "temperature_c": 68.0,
            "power_w": 147.36
          }
        ]
      },
      {
        "timestamp": "2026-10-01T23:55:07.185895+00:00",
        "elapsed_seconds": 73.091,
        "system_cpu_percent": 15.72,
        "load_average": [
          1.33984375,
          1.0205078125,
          1.056640625
        ],
        "memory": {
          "total_mib": 31171.9453125,
          "available_mib": 2272.44140625,
          "used_mib": 28899.50390625
        },
        "service_rss_mib": 74.7421875,
        "output_disk_free_gib": 116.08553695678711,
        "gpus": [
          {
            "index": 0,
            "name": "NVIDIA GeForce RTX 4060 Ti",
            "utilization_percent": 100.0,
            "memory_used_mib": 15656.0,
            "memory_total_mib": 16380.0,
            "temperature_c": 68.0,
            "power_w": 147.17
          }
        ]
      },
      {
        "timestamp": "2026-10-01T23:55:09.227328+00:00",
        "elapsed_seconds": 75.132,
        "system_cpu_percent": 17.58,
        "load_average": [
          1.33984375,
          1.0205078125,
          1.056640625
        ],
        "memory": {
          "total_mib": 31171.9453125,
          "available_mib": 2246.62890625,
          "used_mib": 28925.31640625
        },
        "service_rss_mib": 74.7421875,
        "output_disk_free_gib": 116.08552169799805,
        "gpus": [
          {
            "index": 0,
            "name": "NVIDIA GeForce RTX 4060 Ti",
            "utilization_percent": 100.0,
            "memory_used_mib": 15656.0,
            "memory_total_mib": 16380.0,
            "temperature_c": 67.0,
            "power_w": 148.04
          }
        ]
      },
      {
        "timestamp": "2026-10-01T23:55:11.253839+00:00",
        "elapsed_seconds": 77.159,
        "system_cpu_percent": 11.43,
        "load_average": [
          1.3125,
          1.02001953125,
          1.05615234375
        ],
        "memory": {
          "total_mib": 31171.9453125,
          "available_mib": 2447.1953125,
          "used_mib": 28724.75
        },
        "service_rss_mib": 74.7421875,
        "output_disk_free_gib": 116.08549499511719,
        "gpus": [
          {
            "index": 0,
            "name": "NVIDIA GeForce RTX 4060 Ti",
            "utilization_percent": 100.0,
            "memory_used_mib": 15656.0,
            "memory_total_mib": 16380.0,
            "temperature_c": 67.0,
            "power_w": 146.38
          }
        ]
      },
      {
        "timestamp": "2026-10-01T23:55:13.282328+00:00",
        "elapsed_seconds": 79.187,
        "system_cpu_percent": 13.33,
        "load_average": [
          1.3125,
          1.02001953125,
          1.05615234375
        ],
        "memory": {
          "total_mib": 31171.9453125,
          "available_mib": 2434.953125,
          "used_mib": 28736.9921875
        },
        "service_rss_mib": 74.7421875,
        "output_disk_free_gib": 116.08547973632812,
        "gpus": [
          {
            "index": 0,
            "name": "NVIDIA GeForce RTX 4060 Ti",
            "utilization_percent": 100.0,
            "memory_used_mib": 15656.0,
            "memory_total_mib": 16380.0,
            "temperature_c": 71.0,
            "power_w": 146.84
          }
        ]
      },
      {
        "timestamp": "2026-10-01T23:55:15.309353+00:00",
        "elapsed_seconds": 81.215,
        "system_cpu_percent": 11.87,
        "load_average": [
          1.44775390625,
          1.05322265625,
          1.06689453125
        ],
        "memory": {
          "total_mib": 31171.9453125,
          "available_mib": 2446.82421875,
          "used_mib": 28725.12109375
        },
        "service_rss_mib": 74.7421875,
        "output_disk_free_gib": 116.08542251586914,
        "gpus": [
          {
            "index": 0,
            "name": "NVIDIA GeForce RTX 4060 Ti",
            "utilization_percent": 100.0,
            "memory_used_mib": 15592.0,
            "memory_total_mib": 16380.0,
            "temperature_c": 71.0,
            "power_w": 144.95
          }
        ]
      },
      {
        "timestamp": "2026-10-01T23:55:17.334460+00:00",
        "elapsed_seconds": 83.24,
        "system_cpu_percent": 12.79,
        "load_average": [
          1.44775390625,
          1.05322265625,
          1.06689453125
        ],
        "memory": {
          "total_mib": 31171.9453125,
          "available_mib": 2476.5,
          "used_mib": 28695.4453125
        },
        "service_rss_mib": 74.7421875,
        "output_disk_free_gib": 116.08542251586914,
        "gpus": [
          {
            "index": 0,
            "name": "NVIDIA GeForce RTX 4060 Ti",
            "utilization_percent": 100.0,
            "memory_used_mib": 15593.0,
            "memory_total_mib": 16380.0,
            "temperature_c": 72.0,
            "power_w": 146.32
          }
        ]
      },
      {
        "timestamp": "2026-10-01T23:55:19.360802+00:00",
        "elapsed_seconds": 85.266,
        "system_cpu_percent": 11.64,
        "load_average": [
          1.44775390625,
          1.05322265625,
          1.06689453125
        ],
        "memory": {
          "total_mib": 31171.9453125,
          "available_mib": 2454.75390625,
          "used_mib": 28717.19140625
        },
        "service_rss_mib": 74.7421875,
        "output_disk_free_gib": 116.08539962768555,
        "gpus": [
          {
            "index": 0,
            "name": "NVIDIA GeForce RTX 4060 Ti",
            "utilization_percent": 100.0,
            "memory_used_mib": 15593.0,
            "memory_total_mib": 16380.0,
            "temperature_c": 72.0,
            "power_w": 147.12
          }
        ]
      },
      {
        "timestamp": "2026-10-01T23:55:21.390827+00:00",
        "elapsed_seconds": 87.296,
        "system_cpu_percent": 11.65,
        "load_average": [
          1.41162109375,
          1.05224609375,
          1.06640625
        ],
        "memory": {
          "total_mib": 31171.9453125,
          "available_mib": 2511.52734375,
          "used_mib": 28660.41796875
        },
        "service_rss_mib": 74.7421875,
        "output_disk_free_gib": 116.08536148071289,
        "gpus": [
          {
            "index": 0,
            "name": "NVIDIA GeForce RTX 4060 Ti",
            "utilization_percent": 100.0,
            "memory_used_mib": 15592.0,
            "memory_total_mib": 16380.0,
            "temperature_c": 73.0,
            "power_w": 148.12
          }
        ]
      },
      {
        "timestamp": "2026-10-01T23:55:23.414970+00:00",
        "elapsed_seconds": 89.32,
        "system_cpu_percent": 11.84,
        "load_average": [
          1.41162109375,
          1.05224609375,
          1.06640625
        ],
        "memory": {
          "total_mib": 31171.9453125,
          "available_mib": 2494.08203125,
          "used_mib": 28677.86328125
        },
        "service_rss_mib": 74.7421875,
        "output_disk_free_gib": 116.08534622192383,
        "gpus": [
          {
            "index": 0,
            "name": "NVIDIA GeForce RTX 4060 Ti",
            "utilization_percent": 100.0,
            "memory_used_mib": 15592.0,
            "memory_total_mib": 16380.0,
            "temperature_c": 73.0,
            "power_w": 147.33
          }
        ]
      },
      {
        "timestamp": "2026-10-01T23:55:25.440628+00:00",
        "elapsed_seconds": 91.346,
        "system_cpu_percent": 11.25,
        "load_average": [
          1.37841796875,
          1.05126953125,
          1.06591796875
        ],
        "memory": {
          "total_mib": 31171.9453125,
          "available_mib": 2466.53515625,
          "used_mib": 28705.41015625
        },
        "service_rss_mib": 74.7421875,
        "output_disk_free_gib": 116.0853157043457,
        "gpus": [
          {
            "index": 0,
            "name": "NVIDIA GeForce RTX 4060 Ti",
            "utilization_percent": 100.0,
            "memory_used_mib": 15592.0,
            "memory_total_mib": 16380.0,
            "temperature_c": 73.0,
            "power_w": 146.01
          }
        ]
      },
      {
        "timestamp": "2026-10-01T23:55:27.473421+00:00",
        "elapsed_seconds": 93.379,
        "system_cpu_percent": 11.64,
        "load_average": [
          1.37841796875,
          1.05126953125,
          1.06591796875
        ],
        "memory": {
          "total_mib": 31171.9453125,
          "available_mib": 2474.40625,
          "used_mib": 28697.5390625
        },
        "service_rss_mib": 74.7421875,
        "output_disk_free_gib": 116.0853042602539,
        "gpus": [
          {
            "index": 0,
            "name": "NVIDIA GeForce RTX 4060 Ti",
            "utilization_percent": 100.0,
            "memory_used_mib": 15593.0,
            "memory_total_mib": 16380.0,
            "temperature_c": 71.0,
            "power_w": 146.29
          }
        ]
      },
      {
        "timestamp": "2026-10-01T23:55:29.513707+00:00",
        "elapsed_seconds": 95.419,
        "system_cpu_percent": 11.86,
        "load_average": [
          1.37841796875,
          1.05126953125,
          1.06591796875
        ],
        "memory": {
          "total_mib": 31171.9453125,
          "available_mib": 2492.83203125,
          "used_mib": 28679.11328125
        },
        "service_rss_mib": 74.7421875,
        "output_disk_free_gib": 116.08527374267578,
        "gpus": [
          {
            "index": 0,
            "name": "NVIDIA GeForce RTX 4060 Ti",
            "utilization_percent": 100.0,
            "memory_used_mib": 15593.0,
            "memory_total_mib": 16380.0,
            "temperature_c": 70.0,
            "power_w": 146.22
          }
        ]
      },
      {
        "timestamp": "2026-10-01T23:55:31.550105+00:00",
        "elapsed_seconds": 97.455,
        "system_cpu_percent": 11.67,
        "load_average": [
          1.42822265625,
          1.0673828125,
          1.0712890625
        ],
        "memory": {
          "total_mib": 31171.9453125,
          "available_mib": 2476.18359375,
          "used_mib": 28695.76171875
        },
        "service_rss_mib": 74.7421875,
        "output_disk_free_gib": 116.08523559570312,
        "gpus": [
          {
            "index": 0,
            "name": "NVIDIA GeForce RTX 4060 Ti",
            "utilization_percent": 100.0,
            "memory_used_mib": 15593.0,
            "memory_total_mib": 16380.0,
            "temperature_c": 71.0,
            "power_w": 148.12
          }
        ]
      },
      {
        "timestamp": "2026-10-01T23:55:33.591579+00:00",
        "elapsed_seconds": 99.497,
        "system_cpu_percent": 11.84,
        "load_average": [
          1.42822265625,
          1.0673828125,
          1.0712890625
        ],
        "memory": {
          "total_mib": 31171.9453125,
          "available_mib": 2465.44140625,
          "used_mib": 28706.50390625
        },
        "service_rss_mib": 74.7421875,
        "output_disk_free_gib": 116.0852165222168,
        "gpus": [
          {
            "index": 0,
            "name": "NVIDIA GeForce RTX 4060 Ti",
            "utilization_percent": 100.0,
            "memory_used_mib": 15593.0,
            "memory_total_mib": 16380.0,
            "temperature_c": 68.0,
            "power_w": 148.12
          }
        ]
      },
      {
        "timestamp": "2026-10-01T23:55:35.622345+00:00",
        "elapsed_seconds": 101.527,
        "system_cpu_percent": 11.41,
        "load_average": [
          1.3935546875,
          1.06591796875,
          1.07080078125
        ],
        "memory": {
          "total_mib": 31171.9453125,
          "available_mib": 2481.1328125,
          "used_mib": 28690.8125
        },
        "service_rss_mib": 74.7421875,
        "output_disk_free_gib": 116.08519744873047,
        "gpus": [
          {
            "index": 0,
            "name": "NVIDIA GeForce RTX 4060 Ti",
            "utilization_percent": 100.0,
            "memory_used_mib": 15593.0,
            "memory_total_mib": 16380.0,
            "temperature_c": 67.0,
            "power_w": 147.01
          }
        ]
      },
      {
        "timestamp": "2026-10-01T23:55:37.648073+00:00",
        "elapsed_seconds": 103.553,
        "system_cpu_percent": 10.7,
        "load_average": [
          1.3935546875,
          1.06591796875,
          1.07080078125
        ],
        "memory": {
          "total_mib": 31171.9453125,
          "available_mib": 2462.04296875,
          "used_mib": 28709.90234375
        },
        "service_rss_mib": 74.7421875,
        "output_disk_free_gib": 116.08524322509766,
        "gpus": [
          {
            "index": 0,
            "name": "NVIDIA GeForce RTX 4060 Ti",
            "utilization_percent": 100.0,
            "memory_used_mib": 15593.0,
            "memory_total_mib": 16380.0,
            "temperature_c": 67.0,
            "power_w": 147.78
          }
        ]
      },
      {
        "timestamp": "2026-10-01T23:55:39.674543+00:00",
        "elapsed_seconds": 105.58,
        "system_cpu_percent": 11.53,
        "load_average": [
          1.36181640625,
          1.064453125,
          1.0703125
        ],
        "memory": {
          "total_mib": 31171.9453125,
          "available_mib": 2458.32421875,
          "used_mib": 28713.62109375
        },
        "service_rss_mib": 74.7421875,
        "output_disk_free_gib": 116.08519744873047,
        "gpus": [
          {
            "index": 0,
            "name": "NVIDIA GeForce RTX 4060 Ti",
            "utilization_percent": 100.0,
            "memory_used_mib": 15593.0,
            "memory_total_mib": 16380.0,
            "temperature_c": 72.0,
            "power_w": 147.24
          }
        ]
      },
      {
        "timestamp": "2026-10-01T23:55:41.701903+00:00",
        "elapsed_seconds": 107.607,
        "system_cpu_percent": 12.09,
        "load_average": [
          1.36181640625,
          1.064453125,
          1.0703125
        ],
        "memory": {
          "total_mib": 31171.9453125,
          "available_mib": 2440.15234375,
          "used_mib": 28731.79296875
        },
        "service_rss_mib": 74.7421875,
        "output_disk_free_gib": 116.08515548706055,
        "gpus": [
          {
            "index": 0,
            "name": "NVIDIA GeForce RTX 4060 Ti",
            "utilization_percent": 100.0,
            "memory_used_mib": 15593.0,
            "memory_total_mib": 16380.0,
            "temperature_c": 72.0,
            "power_w": 147.88
          }
        ]
      },
      {
        "timestamp": "2026-10-01T23:55:43.727485+00:00",
        "elapsed_seconds": 109.633,
        "system_cpu_percent": 11.96,
        "load_average": [
          1.36181640625,
          1.064453125,
          1.0703125
        ],
        "memory": {
          "total_mib": 31171.9453125,
          "available_mib": 2438.41796875,
          "used_mib": 28733.52734375
        },
        "service_rss_mib": 74.7421875,
        "output_disk_free_gib": 116.08512496948242,
        "gpus": [
          {
            "index": 0,
            "name": "NVIDIA GeForce RTX 4060 Ti",
            "utilization_percent": 100.0,
            "memory_used_mib": 15593.0,
            "memory_total_mib": 16380.0,
            "temperature_c": 72.0,
            "power_w": 146.08
          }
        ]
      },
      {
        "timestamp": "2026-10-01T23:55:45.753532+00:00",
        "elapsed_seconds": 111.659,
        "system_cpu_percent": 14.59,
        "load_average": [
          1.33251953125,
          1.06298828125,
          1.06982421875
        ],
        "memory": {
          "total_mib": 31171.9453125,
          "available_mib": 2633.21484375,
          "used_mib": 28538.73046875
        },
        "service_rss_mib": 74.7421875,
        "output_disk_free_gib": 116.08506774902344,
        "gpus": [
          {
            "index": 0,
            "name": "NVIDIA GeForce RTX 4060 Ti",
            "utilization_percent": 100.0,
            "memory_used_mib": 15593.0,
            "memory_total_mib": 16380.0,
            "temperature_c": 72.0,
            "power_w": 146.01
          }
        ]
      },
      {
        "timestamp": "2026-10-01T23:55:47.783254+00:00",
        "elapsed_seconds": 113.688,
        "system_cpu_percent": 13.03,
        "load_average": [
          1.33251953125,
          1.06298828125,
          1.06982421875
        ],
        "memory": {
          "total_mib": 31171.9453125,
          "available_mib": 2615.25,
          "used_mib": 28556.6953125
        },
        "service_rss_mib": 74.7421875,
        "output_disk_free_gib": 116.08505249023438,
        "gpus": [
          {
            "index": 0,
            "name": "NVIDIA GeForce RTX 4060 Ti",
            "utilization_percent": 100.0,
            "memory_used_mib": 15594.0,
            "memory_total_mib": 16380.0,
            "temperature_c": 72.0,
            "power_w": 140.01
          }
        ]
      },
      {
        "timestamp": "2026-10-01T23:55:49.809308+00:00",
        "elapsed_seconds": 115.714,
        "system_cpu_percent": 11.79,
        "load_average": [
          1.3056640625,
          1.0615234375,
          1.0693359375
        ],
        "memory": {
          "total_mib": 31171.9453125,
          "available_mib": 2631.265625,
          "used_mib": 28540.6796875
        },
        "service_rss_mib": 74.7421875,
        "output_disk_free_gib": 116.08505249023438,
        "gpus": [
          {
            "index": 0,
            "name": "NVIDIA GeForce RTX 4060 Ti",
            "utilization_percent": 100.0,
            "memory_used_mib": 15594.0,
            "memory_total_mib": 16380.0,
            "temperature_c": 73.0,
            "power_w": 147.17
          }
        ]
      },
      {
        "timestamp": "2026-10-01T23:55:51.834706+00:00",
        "elapsed_seconds": 117.74,
        "system_cpu_percent": 12.17,
        "load_average": [
          1.3056640625,
          1.0615234375,
          1.0693359375
        ],
        "memory": {
          "total_mib": 31171.9453125,
          "available_mib": 2615.62890625,
          "used_mib": 28556.31640625
        },
        "service_rss_mib": 74.7421875,
        "output_disk_free_gib": 116.08502578735352,
        "gpus": [
          {
            "index": 0,
            "name": "NVIDIA GeForce RTX 4060 Ti",
            "utilization_percent": 100.0,
            "memory_used_mib": 15593.0,
            "memory_total_mib": 16380.0,
            "temperature_c": 73.0,
            "power_w": 145.93
          }
        ]
      },
      {
        "timestamp": "2026-10-01T23:55:53.870672+00:00",
        "elapsed_seconds": 119.776,
        "system_cpu_percent": 10.96,
        "load_average": [
          1.3056640625,
          1.0615234375,
          1.0693359375
        ],
        "memory": {
          "total_mib": 31171.9453125,
          "available_mib": 2619.34765625,
          "used_mib": 28552.59765625
        },
        "service_rss_mib": 74.7421875,
        "output_disk_free_gib": 116.08501815795898,
        "gpus": [
          {
            "index": 0,
            "name": "NVIDIA GeForce RTX 4060 Ti",
            "utilization_percent": 100.0,
            "memory_used_mib": 15593.0,
            "memory_total_mib": 16380.0,
            "temperature_c": 71.0,
            "power_w": 146.59
          }
        ]
      },
      {
        "timestamp": "2026-10-01T23:55:55.909945+00:00",
        "elapsed_seconds": 121.815,
        "system_cpu_percent": 12.32,
        "load_average": [
          1.28076171875,
          1.06005859375,
          1.06884765625
        ],
        "memory": {
          "total_mib": 31171.9453125,
          "available_mib": 2653.85546875,
          "used_mib": 28518.08984375
        },
        "service_rss_mib": 74.7421875,
        "output_disk_free_gib": 116.08499526977539,
        "gpus": [
          {
            "index": 0,
            "name": "NVIDIA GeForce RTX 4060 Ti",
            "utilization_percent": 100.0,
            "memory_used_mib": 15593.0,
            "memory_total_mib": 16380.0,
            "temperature_c": 70.0,
            "power_w": 146.72
          }
        ]
      },
      {
        "timestamp": "2026-10-01T23:55:57.949166+00:00",
        "elapsed_seconds": 123.854,
        "system_cpu_percent": 12.04,
        "load_average": [
          1.28076171875,
          1.06005859375,
          1.06884765625
        ],
        "memory": {
          "total_mib": 31171.9453125,
          "available_mib": 2696.25,
          "used_mib": 28475.6953125
        },
        "service_rss_mib": 74.7421875,
        "output_disk_free_gib": 116.0849838256836,
        "gpus": [
          {
            "index": 0,
            "name": "NVIDIA GeForce RTX 4060 Ti",
            "utilization_percent": 100.0,
            "memory_used_mib": 15593.0,
            "memory_total_mib": 16380.0,
            "temperature_c": 71.0,
            "power_w": 149.38
          }
        ]
      },
      {
        "timestamp": "2026-10-01T23:55:59.996524+00:00",
        "elapsed_seconds": 125.902,
        "system_cpu_percent": 13.33,
        "load_average": [
          1.49853515625,
          1.10888671875,
          1.0849609375
        ],
        "memory": {
          "total_mib": 31171.9453125,
          "available_mib": 2551.79296875,
          "used_mib": 28620.15234375
        },
        "service_rss_mib": 74.7421875,
        "output_disk_free_gib": 116.08526229858398,
        "gpus": [
          {
            "index": 0,
            "name": "NVIDIA GeForce RTX 4060 Ti",
            "utilization_percent": 100.0,
            "memory_used_mib": 15594.0,
            "memory_total_mib": 16380.0,
            "temperature_c": 68.0,
            "power_w": 148.63
          }
        ]
      },
      {
        "timestamp": "2026-10-01T23:56:02.022421+00:00",
        "elapsed_seconds": 127.928,
        "system_cpu_percent": 13.7,
        "load_average": [
          1.49853515625,
          1.10888671875,
          1.0849609375
        ],
        "memory": {
          "total_mib": 31171.9453125,
          "available_mib": 2434.484375,
          "used_mib": 28737.4609375
        },
        "service_rss_mib": 74.7421875,
        "output_disk_free_gib": 116.0852279663086,
        "gpus": [
          {
            "index": 0,
            "name": "NVIDIA GeForce RTX 4060 Ti",
            "utilization_percent": 100.0,
            "memory_used_mib": 15594.0,
            "memory_total_mib": 16380.0,
            "temperature_c": 68.0,
            "power_w": 148.57
          }
        ]
      },
      {
        "timestamp": "2026-10-01T23:56:04.048623+00:00",
        "elapsed_seconds": 129.954,
        "system_cpu_percent": 10.64,
        "load_average": [
          1.49853515625,
          1.10888671875,
          1.0849609375
        ],
        "memory": {
          "total_mib": 31171.9453125,
          "available_mib": 2453.05859375,
          "used_mib": 28718.88671875
        },
        "service_rss_mib": 74.74609375,
        "output_disk_free_gib": 116.08519744873047,
        "gpus": [
          {
            "index": 0,
            "name": "NVIDIA GeForce RTX 4060 Ti",
            "utilization_percent": 100.0,
            "memory_used_mib": 15594.0,
            "memory_total_mib": 16380.0,
            "temperature_c": 72.0,
            "power_w": 147.87
          }
        ]
      },
      {
        "timestamp": "2026-10-01T23:56:06.073672+00:00",
        "elapsed_seconds": 131.979,
        "system_cpu_percent": 11.31,
        "load_average": [
          1.5390625,
          1.1240234375,
          1.09033203125
        ],
        "memory": {
          "total_mib": 31171.9453125,
          "available_mib": 2437.18359375,
          "used_mib": 28734.76171875
        },
        "service_rss_mib": 74.74609375,
        "output_disk_free_gib": 116.08517456054688,
        "gpus": [
          {
            "index": 0,
            "name": "NVIDIA GeForce RTX 4060 Ti",
            "utilization_percent": 100.0,
            "memory_used_mib": 15594.0,
            "memory_total_mib": 16380.0,
            "temperature_c": 72.0,
            "power_w": 147.54
          }
        ]
      },
      {
        "timestamp": "2026-10-01T23:56:08.099605+00:00",
        "elapsed_seconds": 134.005,
        "system_cpu_percent": 11.69,
        "load_average": [
          1.5390625,
          1.1240234375,
          1.09033203125
        ],
        "memory": {
          "total_mib": 31171.9453125,
          "available_mib": 2464.02734375,
          "used_mib": 28707.91796875
        },
        "service_rss_mib": 74.74609375,
        "output_disk_free_gib": 116.08515548706055,
        "gpus": [
          {
            "index": 0,
            "name": "NVIDIA GeForce RTX 4060 Ti",
            "utilization_percent": 100.0,
            "memory_used_mib": 15594.0,
            "memory_total_mib": 16380.0,
            "temperature_c": 72.0,
            "power_w": 147.73
          }
        ]
      },
      {
        "timestamp": "2026-10-01T23:56:10.124866+00:00",
        "elapsed_seconds": 136.03,
        "system_cpu_percent": 16.57,
        "load_average": [
          1.65625,
          1.1552734375,
          1.10107421875
        ],
        "memory": {
          "total_mib": 31171.9453125,
          "available_mib": 2394.7890625,
          "used_mib": 28777.15625
        },
        "service_rss_mib": 74.74609375,
        "output_disk_free_gib": 116.08516693115234,
        "gpus": [
          {
            "index": 0,
            "name": "NVIDIA GeForce RTX 4060 Ti",
            "utilization_percent": 100.0,
            "memory_used_mib": 15594.0,
            "memory_total_mib": 16380.0,
            "temperature_c": 72.0,
            "power_w": 146.87
          }
        ]
      },
      {
        "timestamp": "2026-10-01T23:56:12.150177+00:00",
        "elapsed_seconds": 138.055,
        "system_cpu_percent": 16.8,
        "load_average": [
          1.65625,
          1.1552734375,
          1.10107421875
        ],
        "memory": {
          "total_mib": 31171.9453125,
          "available_mib": 2410.6171875,
          "used_mib": 28761.328125
        },
        "service_rss_mib": 74.74609375,
        "output_disk_free_gib": 116.08511734008789,
        "gpus": [
          {
            "index": 0,
            "name": "NVIDIA GeForce RTX 4060 Ti",
            "utilization_percent": 100.0,
            "memory_used_mib": 15594.0,
            "memory_total_mib": 16380.0,
            "temperature_c": 73.0,
            "power_w": 146.88
          }
        ]
      },
      {
        "timestamp": "2026-10-01T23:56:14.176410+00:00",
        "elapsed_seconds": 140.082,
        "system_cpu_percent": 10.59,
        "load_average": [
          1.65625,
          1.1552734375,
          1.10107421875
        ],
        "memory": {
          "total_mib": 31171.9453125,
          "available_mib": 2449.43359375,
          "used_mib": 28722.51171875
        },
        "service_rss_mib": 74.74609375,
        "output_disk_free_gib": 116.0851058959961,
        "gpus": [
          {
            "index": 0,
            "name": "NVIDIA GeForce RTX 4060 Ti",
            "utilization_percent": 100.0,
            "memory_used_mib": 15594.0,
            "memory_total_mib": 16380.0,
            "temperature_c": 73.0,
            "power_w": 145.98
          }
        ]
      },
      {
        "timestamp": "2026-10-01T23:56:16.206919+00:00",
        "elapsed_seconds": 142.112,
        "system_cpu_percent": 12.21,
        "load_average": [
          1.76416015625,
          1.18603515625,
          1.111328125
        ],
        "memory": {
          "total_mib": 31171.9453125,
          "available_mib": 2457.5859375,
          "used_mib": 28714.359375
        },
        "service_rss_mib": 74.74609375,
        "output_disk_free_gib": 116.08502578735352,
        "gpus": [
          {
            "index": 0,
            "name": "NVIDIA GeForce RTX 4060 Ti",
            "utilization_percent": 100.0,
            "memory_used_mib": 15594.0,
            "memory_total_mib": 16380.0,
            "temperature_c": 73.0,
            "power_w": 145.84
          }
        ]
      },
      {
        "timestamp": "2026-10-01T23:56:18.246525+00:00",
        "elapsed_seconds": 144.152,
        "system_cpu_percent": 13.22,
        "load_average": [
          1.76416015625,
          1.18603515625,
          1.111328125
        ],
        "memory": {
          "total_mib": 31171.9453125,
          "available_mib": 2528.68359375,
          "used_mib": 28643.26171875
        },
        "service_rss_mib": 74.75,
        "output_disk_free_gib": 116.08500289916992,
        "gpus": [
          {
            "index": 0,
            "name": "NVIDIA GeForce RTX 4060 Ti",
            "utilization_percent": 100.0,
            "memory_used_mib": 15594.0,
            "memory_total_mib": 16380.0,
            "temperature_c": 71.0,
            "power_w": 145.4
          }
        ]
      },
      {
        "timestamp": "2026-10-01T23:56:20.279932+00:00",
        "elapsed_seconds": 146.185,
        "system_cpu_percent": 11.29,
        "load_average": [
          1.70263671875,
          1.1826171875,
          1.1103515625
        ],
        "memory": {
          "total_mib": 31171.9453125,
          "available_mib": 2561.1953125,
          "used_mib": 28610.75
        },
        "service_rss_mib": 74.75,
        "output_disk_free_gib": 116.08499526977539,
        "gpus": [
          {
            "index": 0,
            "name": "NVIDIA GeForce RTX 4060 Ti",
            "utilization_percent": 100.0,
            "memory_used_mib": 15594.0,
            "memory_total_mib": 16380.0,
            "temperature_c": 71.0,
            "power_w": 144.47
          }
        ]
      },
      {
        "timestamp": "2026-10-01T23:56:22.312534+00:00",
        "elapsed_seconds": 148.218,
        "system_cpu_percent": 12.87,
        "load_average": [
          1.70263671875,
          1.1826171875,
          1.1103515625
        ],
        "memory": {
          "total_mib": 31171.9453125,
          "available_mib": 2542.4921875,
          "used_mib": 28629.453125
        },
        "service_rss_mib": 74.75,
        "output_disk_free_gib": 116.08498001098633,
        "gpus": [
          {
            "index": 0,
            "name": "NVIDIA GeForce RTX 4060 Ti",
            "utilization_percent": 100.0,
            "memory_used_mib": 15594.0,
            "memory_total_mib": 16380.0,
            "temperature_c": 71.0,
            "power_w": 148.03
          }
        ]
      },
      {
        "timestamp": "2026-10-01T23:56:24.356426+00:00",
        "elapsed_seconds": 150.262,
        "system_cpu_percent": 11.06,
        "load_average": [
          1.70263671875,
          1.1826171875,
          1.1103515625
        ],
        "memory": {
          "total_mib": 31171.9453125,
          "available_mib": 2553.125,
          "used_mib": 28618.8203125
        },
        "service_rss_mib": 74.75,
        "output_disk_free_gib": 116.0849609375,
        "gpus": [
          {
            "index": 0,
            "name": "NVIDIA GeForce RTX 4060 Ti",
            "utilization_percent": 100.0,
            "memory_used_mib": 15594.0,
            "memory_total_mib": 16380.0,
            "temperature_c": 68.0,
            "power_w": 148.29
          }
        ]
      },
      {
        "timestamp": "2026-10-01T23:56:26.382420+00:00",
        "elapsed_seconds": 152.288,
        "system_cpu_percent": 12.53,
        "load_average": [
          1.7265625,
          1.1962890625,
          1.115234375
        ],
        "memory": {
          "total_mib": 31171.9453125,
          "available_mib": 2528.15234375,
          "used_mib": 28643.79296875
        },
        "service_rss_mib": 74.75,
        "output_disk_free_gib": 116.08493041992188,
        "gpus": [
          {
            "index": 0,
            "name": "NVIDIA GeForce RTX 4060 Ti",
            "utilization_percent": 100.0,
            "memory_used_mib": 15593.0,
            "memory_total_mib": 16380.0,
            "temperature_c": 67.0,
            "power_w": 148.17
          }
        ]
      },
      {
        "timestamp": "2026-10-01T23:56:28.408266+00:00",
        "elapsed_seconds": 154.313,
        "system_cpu_percent": 11.99,
        "load_average": [
          1.7265625,
          1.1962890625,
          1.115234375
        ],
        "memory": {
          "total_mib": 31171.9453125,
          "available_mib": 2473.81640625,
          "used_mib": 28698.12890625
        },
        "service_rss_mib": 74.75,
        "output_disk_free_gib": 116.08491516113281,
        "gpus": [
          {
            "index": 0,
            "name": "NVIDIA GeForce RTX 4060 Ti",
            "utilization_percent": 100.0,
            "memory_used_mib": 15589.0,
            "memory_total_mib": 16380.0,
            "temperature_c": 67.0,
            "power_w": 148.58
          }
        ]
      },
      {
        "timestamp": "2026-10-01T23:56:30.434608+00:00",
        "elapsed_seconds": 156.34,
        "system_cpu_percent": 10.19,
        "load_average": [
          1.66796875,
          1.19287109375,
          1.1142578125
        ],
        "memory": {
          "total_mib": 31171.9453125,
          "available_mib": 2483.13671875,
          "used_mib": 28688.80859375
        },
        "service_rss_mib": 74.75,
        "output_disk_free_gib": 116.08489990234375,
        "gpus": [
          {
            "index": 0,
            "name": "NVIDIA GeForce RTX 4060 Ti",
            "utilization_percent": 100.0,
            "memory_used_mib": 15589.0,
            "memory_total_mib": 16380.0,
            "temperature_c": 71.0,
            "power_w": 148.56
          }
        ]
      },
      {
        "timestamp": "2026-10-01T23:56:32.459439+00:00",
        "elapsed_seconds": 158.365,
        "system_cpu_percent": 13.61,
        "load_average": [
          1.66796875,
          1.19287109375,
          1.1142578125
        ],
        "memory": {
          "total_mib": 31171.9453125,
          "available_mib": 2468.0859375,
          "used_mib": 28703.859375
        },
        "service_rss_mib": 74.75,
        "output_disk_free_gib": 116.08492279052734,
        "gpus": [
          {
            "index": 0,
            "name": "NVIDIA GeForce RTX 4060 Ti",
            "utilization_percent": 100.0,
            "memory_used_mib": 15589.0,
            "memory_total_mib": 16380.0,
            "temperature_c": 73.0,
            "power_w": 149.19
          }
        ]
      },
      {
        "timestamp": "2026-10-01T23:56:34.486109+00:00",
        "elapsed_seconds": 160.391,
        "system_cpu_percent": 10.29,
        "load_average": [
          1.66796875,
          1.19287109375,
          1.1142578125
        ],
        "memory": {
          "total_mib": 31171.9453125,
          "available_mib": 2481.359375,
          "used_mib": 28690.5859375
        },
        "service_rss_mib": 74.75,
        "output_disk_free_gib": 116.08488845825195,
        "gpus": [
          {
            "index": 0,
            "name": "NVIDIA GeForce RTX 4060 Ti",
            "utilization_percent": 100.0,
            "memory_used_mib": 15589.0,
            "memory_total_mib": 16380.0,
            "temperature_c": 73.0,
            "power_w": 148.37
          }
        ]
      },
      {
        "timestamp": "2026-10-01T23:56:36.510663+00:00",
        "elapsed_seconds": 162.416,
        "system_cpu_percent": 11.43,
        "load_average": [
          1.69482421875,
          1.20654296875,
          1.119140625
        ],
        "memory": {
          "total_mib": 31171.9453125,
          "available_mib": 2504.87890625,
          "used_mib": 28667.06640625
        },
        "service_rss_mib": 74.75,
        "output_disk_free_gib": 116.0848617553711,
        "gpus": [
          {
            "index": 0,
            "name": "NVIDIA GeForce RTX 4060 Ti",
            "utilization_percent": 100.0,
            "memory_used_mib": 15589.0,
            "memory_total_mib": 16380.0,
            "temperature_c": 73.0,
            "power_w": 146.15
          }
        ]
      },
      {
        "timestamp": "2026-10-01T23:56:38.537845+00:00",
        "elapsed_seconds": 164.443,
        "system_cpu_percent": 11.98,
        "load_average": [
          1.69482421875,
          1.20654296875,
          1.119140625
        ],
        "memory": {
          "total_mib": 31171.9453125,
          "available_mib": 2500.1328125,
          "used_mib": 28671.8125
        },
        "service_rss_mib": 74.75,
        "output_disk_free_gib": 116.08484649658203,
        "gpus": [
          {
            "index": 0,
            "name": "NVIDIA GeForce RTX 4060 Ti",
            "utilization_percent": 100.0,
            "memory_used_mib": 15589.0,
            "memory_total_mib": 16380.0,
            "temperature_c": 73.0,
            "power_w": 145.52
          }
        ]
      },
      {
        "timestamp": "2026-10-01T23:56:40.562257+00:00",
        "elapsed_seconds": 166.467,
        "system_cpu_percent": 10.84,
        "load_average": [
          1.7197265625,
          1.2197265625,
          1.1240234375
        ],
        "memory": {
          "total_mib": 31171.9453125,
          "available_mib": 2509.80859375,
          "used_mib": 28662.13671875
        },
        "service_rss_mib": 74.75,
        "output_disk_free_gib": 116.0848388671875,
        "gpus": [
          {
            "index": 0,
            "name": "NVIDIA GeForce RTX 4060 Ti",
            "utilization_percent": 100.0,
            "memory_used_mib": 15589.0,
            "memory_total_mib": 16380.0,
            "temperature_c": 73.0,
            "power_w": 145.17
          }
        ]
      },
      {
        "timestamp": "2026-10-01T23:56:42.603280+00:00",
        "elapsed_seconds": 168.508,
        "system_cpu_percent": 12.37,
        "load_average": [
          1.7197265625,
          1.2197265625,
          1.1240234375
        ],
        "memory": {
          "total_mib": 31171.9453125,
          "available_mib": 2523.26953125,
          "used_mib": 28648.67578125
        },
        "service_rss_mib": 74.75,
        "output_disk_free_gib": 116.08482360839844,
        "gpus": [
          {
            "index": 0,
            "name": "NVIDIA GeForce RTX 4060 Ti",
            "utilization_percent": 100.0,
            "memory_used_mib": 15589.0,
            "memory_total_mib": 16380.0,
            "temperature_c": 73.0,
            "power_w": 146.27
          }
        ]
      },
      {
        "timestamp": "2026-10-01T23:56:44.637010+00:00",
        "elapsed_seconds": 170.542,
        "system_cpu_percent": 12.12,
        "load_average": [
          1.7421875,
          1.23291015625,
          1.12890625
        ],
        "memory": {
          "total_mib": 31171.9453125,
          "available_mib": 2504.546875,
          "used_mib": 28667.3984375
        },
        "service_rss_mib": 74.75,
        "output_disk_free_gib": 116.08480834960938,
        "gpus": [
          {
            "index": 0,
            "name": "NVIDIA GeForce RTX 4060 Ti",
            "utilization_percent": 100.0,
            "memory_used_mib": 15590.0,
            "memory_total_mib": 16380.0,
            "temperature_c": 71.0,
            "power_w": 147.78
          }
        ]
      },
      {
        "timestamp": "2026-10-01T23:56:46.676107+00:00",
        "elapsed_seconds": 172.581,
        "system_cpu_percent": 11.5,
        "load_average": [
          1.7421875,
          1.23291015625,
          1.12890625
        ],
        "memory": {
          "total_mib": 31171.9453125,
          "available_mib": 2516.203125,
          "used_mib": 28655.7421875
        },
        "service_rss_mib": 74.75,
        "output_disk_free_gib": 116.08482360839844,
        "gpus": [
          {
            "index": 0,
            "name": "NVIDIA GeForce RTX 4060 Ti",
            "utilization_percent": 100.0,
            "memory_used_mib": 15590.0,
            "memory_total_mib": 16380.0,
            "temperature_c": 70.0,
            "power_w": 147.51
          }
        ]
      },
      {
        "timestamp": "2026-10-01T23:56:48.722508+00:00",
        "elapsed_seconds": 174.628,
        "system_cpu_percent": 13.6,
        "load_average": [
          1.7421875,
          1.23291015625,
          1.12890625
        ],
        "memory": {
          "total_mib": 31171.9453125,
          "available_mib": 2556.19921875,
          "used_mib": 28615.74609375
        },
        "service_rss_mib": 74.75,
        "output_disk_free_gib": 116.08480072021484,
        "gpus": [
          {
            "index": 0,
            "name": "NVIDIA GeForce RTX 4060 Ti",
            "utilization_percent": 100.0,
            "memory_used_mib": 15590.0,
            "memory_total_mib": 16380.0,
            "temperature_c": 70.0,
            "power_w": 148.22
          }
        ]
      },
      {
        "timestamp": "2026-10-01T23:56:50.747564+00:00",
        "elapsed_seconds": 176.653,
        "system_cpu_percent": 11.55,
        "load_average": [
          1.84326171875,
          1.2626953125,
          1.13916015625
        ],
        "memory": {
          "total_mib": 31171.9453125,
          "available_mib": 2553.375,
          "used_mib": 28618.5703125
        },
        "service_rss_mib": 74.75390625,
        "output_disk_free_gib": 116.08478927612305,
        "gpus": [
          {
            "index": 0,
            "name": "NVIDIA GeForce RTX 4060 Ti",
            "utilization_percent": 100.0,
            "memory_used_mib": 15590.0,
            "memory_total_mib": 16380.0,
            "temperature_c": 71.0,
            "power_w": 146.96
          }
        ]
      },
      {
        "timestamp": "2026-10-01T23:56:52.776205+00:00",
        "elapsed_seconds": 178.681,
        "system_cpu_percent": 12.62,
        "load_average": [
          1.84326171875,
          1.2626953125,
          1.13916015625
        ],
        "memory": {
          "total_mib": 31171.9453125,
          "available_mib": 2562.81640625,
          "used_mib": 28609.12890625
        },
        "service_rss_mib": 74.75390625,
        "output_disk_free_gib": 116.08478164672852,
        "gpus": [
          {
            "index": 0,
            "name": "NVIDIA GeForce RTX 4060 Ti",
            "utilization_percent": 100.0,
            "memory_used_mib": 15589.0,
            "memory_total_mib": 16380.0,
            "temperature_c": 72.0,
            "power_w": 147.46
          }
        ]
      },
      {
        "timestamp": "2026-10-01T23:56:54.801604+00:00",
        "elapsed_seconds": 180.707,
        "system_cpu_percent": 13.63,
        "load_average": [
          1.85595703125,
          1.275390625,
          1.14404296875
        ],
        "memory": {
          "total_mib": 31171.9453125,
          "available_mib": 2604.1875,
          "used_mib": 28567.7578125
        },
        "service_rss_mib": 74.75390625,
        "output_disk_free_gib": 116.08475494384766,
        "gpus": [
          {
            "index": 0,
            "name": "NVIDIA GeForce RTX 4060 Ti",
            "utilization_percent": 100.0,
            "memory_used_mib": 15589.0,
            "memory_total_mib": 16380.0,
            "temperature_c": 72.0,
            "power_w": 147.35
          }
        ]
      },
      {
        "timestamp": "2026-10-01T23:56:56.826620+00:00",
        "elapsed_seconds": 182.732,
        "system_cpu_percent": 12.97,
        "load_average": [
          1.85595703125,
          1.275390625,
          1.14404296875
        ],
        "memory": {
          "total_mib": 31171.9453125,
          "available_mib": 2540.9765625,
          "used_mib": 28630.96875
        },
        "service_rss_mib": 74.75390625,
        "output_disk_free_gib": 116.0846939086914,
        "gpus": [
          {
            "index": 0,
            "name": "NVIDIA GeForce RTX 4060 Ti",
            "utilization_percent": 100.0,
            "memory_used_mib": 15590.0,
            "memory_total_mib": 16380.0,
            "temperature_c": 72.0,
            "power_w": 147.88
          }
        ]
      },
      {
        "timestamp": "2026-10-01T23:56:58.856350+00:00",
        "elapsed_seconds": 184.761,
        "system_cpu_percent": 12.58,
        "load_average": [
          1.85595703125,
          1.275390625,
          1.14404296875
        ],
        "memory": {
          "total_mib": 31171.9453125,
          "available_mib": 2518.1640625,
          "used_mib": 28653.78125
        },
        "service_rss_mib": 74.75390625,
        "output_disk_free_gib": 116.08468627929688,
        "gpus": [
          {
            "index": 0,
            "name": "NVIDIA GeForce RTX 4060 Ti",
            "utilization_percent": 100.0,
            "memory_used_mib": 15590.0,
            "memory_total_mib": 16380.0,
            "temperature_c": 73.0,
            "power_w": 148.51
          }
        ]
      },
      {
        "timestamp": "2026-10-01T23:57:00.884654+00:00",
        "elapsed_seconds": 186.79,
        "system_cpu_percent": 10.9,
        "load_average": [
          1.787109375,
          1.2705078125,
          1.14306640625
        ],
        "memory": {
          "total_mib": 31171.9453125,
          "available_mib": 2525.66015625,
          "used_mib": 28646.28515625
        },
        "service_rss_mib": 74.75390625,
        "output_disk_free_gib": 116.08467102050781,
        "gpus": [
          {
            "index": 0,
            "name": "NVIDIA GeForce RTX 4060 Ti",
            "utilization_percent": 100.0,
            "memory_used_mib": 15590.0,
            "memory_total_mib": 16380.0,
            "temperature_c": 73.0,
            "power_w": 148.55
          }
        ]
      },
      {
        "timestamp": "2026-10-01T23:57:02.917331+00:00",
        "elapsed_seconds": 188.822,
        "system_cpu_percent": 13.39,
        "load_average": [
          1.787109375,
          1.2705078125,
          1.14306640625
        ],
        "memory": {
          "total_mib": 31171.9453125,
          "available_mib": 2531.03125,
          "used_mib": 28640.9140625
        },
        "service_rss_mib": 74.75390625,
        "output_disk_free_gib": 116.08464431762695,
        "gpus": [
          {
            "index": 0,
            "name": "NVIDIA GeForce RTX 4060 Ti",
            "utilization_percent": 100.0,
            "memory_used_mib": 15590.0,
            "memory_total_mib": 16380.0,
            "temperature_c": 73.0,
            "power_w": 146.64
          }
        ]
      },
      {
        "timestamp": "2026-10-01T23:57:04.943363+00:00",
        "elapsed_seconds": 190.849,
        "system_cpu_percent": 11.66,
        "load_average": [
          1.80419921875,
          1.28271484375,
          1.14794921875
        ],
        "memory": {
          "total_mib": 31171.9453125,
          "available_mib": 2657.45703125,
          "used_mib": 28514.48828125
        },
        "service_rss_mib": 74.58984375,
        "output_disk_free_gib": 116.08467102050781,
        "gpus": [
          {
            "index": 0,
            "name": "NVIDIA GeForce RTX 4060 Ti",
            "utilization_percent": 100.0,
            "memory_used_mib": 15590.0,
            "memory_total_mib": 16380.0,
            "temperature_c": 73.0,
            "power_w": 146.71
          }
        ]
      },
      {
        "timestamp": "2026-10-01T23:57:06.979630+00:00",
        "elapsed_seconds": 192.885,
        "system_cpu_percent": 11.48,
        "load_average": [
          1.80419921875,
          1.28271484375,
          1.14794921875
        ],
        "memory": {
          "total_mib": 31171.9453125,
          "available_mib": 2628.0703125,
          "used_mib": 28543.875
        },
        "service_rss_mib": 74.59375,
        "output_disk_free_gib": 116.08463287353516,
        "gpus": [
          {
            "index": 0,
            "name": "NVIDIA GeForce RTX 4060 Ti",
            "utilization_percent": 100.0,
            "memory_used_mib": 15590.0,
            "memory_total_mib": 16380.0,
            "temperature_c": 73.0,
            "power_w": 147.09
          }
        ]
      },
      {
        "timestamp": "2026-10-01T23:57:09.012333+00:00",
        "elapsed_seconds": 194.917,
        "system_cpu_percent": 11.99,
        "load_average": [
          1.80419921875,
          1.28271484375,
          1.14794921875
        ],
        "memory": {
          "total_mib": 31171.9453125,
          "available_mib": 2596.15234375,
          "used_mib": 28575.79296875
        },
        "service_rss_mib": 74.59375,
        "output_disk_free_gib": 116.0846176147461,
        "gpus": [
          {
            "index": 0,
            "name": "NVIDIA GeForce RTX 4060 Ti",
            "utilization_percent": 100.0,
            "memory_used_mib": 15590.0,
            "memory_total_mib": 16380.0,
            "temperature_c": 71.0,
            "power_w": 149.3
          }
        ]
      },
      {
        "timestamp": "2026-10-01T23:57:11.050734+00:00",
        "elapsed_seconds": 196.956,
        "system_cpu_percent": 11.3,
        "load_average": [
          1.73974609375,
          1.27783203125,
          1.14697265625
        ],
        "memory": {
          "total_mib": 31171.9453125,
          "available_mib": 2577.296875,
          "used_mib": 28594.6484375
        },
        "service_rss_mib": 74.59375,
        "output_disk_free_gib": 116.0846061706543,
        "gpus": [
          {
            "index": 0,
            "name": "NVIDIA GeForce RTX 4060 Ti",
            "utilization_percent": 100.0,
            "memory_used_mib": 15590.0,
            "memory_total_mib": 16380.0,
            "temperature_c": 70.0,
            "power_w": 148.73
          }
        ]
      },
      {
        "timestamp": "2026-10-01T23:57:13.090844+00:00",
        "elapsed_seconds": 198.996,
        "system_cpu_percent": 18.33,
        "load_average": [
          1.73974609375,
          1.27783203125,
          1.14697265625
        ],
        "memory": {
          "total_mib": 31171.9453125,
          "available_mib": 2414.71484375,
          "used_mib": 28757.23046875
        },
        "service_rss_mib": 74.59375,
        "output_disk_free_gib": 116.08457946777344,
        "gpus": [
          {
            "index": 0,
            "name": "NVIDIA GeForce RTX 4060 Ti",
            "utilization_percent": 100.0,
            "memory_used_mib": 15590.0,
            "memory_total_mib": 16380.0,
            "temperature_c": 68.0,
            "power_w": 148.09
          }
        ]
      },
      {
        "timestamp": "2026-10-01T23:57:15.115859+00:00",
        "elapsed_seconds": 201.021,
        "system_cpu_percent": 14.32,
        "load_average": [
          1.8408203125,
          1.306640625,
          1.1572265625
        ],
        "memory": {
          "total_mib": 31171.9453125,
          "available_mib": 2571.08984375,
          "used_mib": 28600.85546875
        },
        "service_rss_mib": 74.59375,
        "output_disk_free_gib": 116.08454513549805,
        "gpus": [
          {
            "index": 0,
            "name": "NVIDIA GeForce RTX 4060 Ti",
            "utilization_percent": 100.0,
            "memory_used_mib": 15590.0,
            "memory_total_mib": 16380.0,
            "temperature_c": 68.0,
            "power_w": 147.99
          }
        ]
      },
      {
        "timestamp": "2026-10-01T23:57:17.141235+00:00",
        "elapsed_seconds": 203.046,
        "system_cpu_percent": 10.89,
        "load_average": [
          1.8408203125,
          1.306640625,
          1.1572265625
        ],
        "memory": {
          "total_mib": 31171.9453125,
          "available_mib": 2589.6328125,
          "used_mib": 28582.3125
        },
        "service_rss_mib": 74.59375,
        "output_disk_free_gib": 116.08449935913086,
        "gpus": [
          {
            "index": 0,
            "name": "NVIDIA GeForce RTX 4060 Ti",
            "utilization_percent": 100.0,
            "memory_used_mib": 15591.0,
            "memory_total_mib": 16380.0,
            "temperature_c": 72.0,
            "power_w": 147.97
          }
        ]
      },
      {
        "timestamp": "2026-10-01T23:57:19.166665+00:00",
        "elapsed_seconds": 205.072,
        "system_cpu_percent": 11.34,
        "load_average": [
          1.8408203125,
          1.306640625,
          1.1572265625
        ],
        "memory": {
          "total_mib": 31171.9453125,
          "available_mib": 2584.1875,
          "used_mib": 28587.7578125
        },
        "service_rss_mib": 74.59375,
        "output_disk_free_gib": 116.08446884155273,
        "gpus": [
          {
            "index": 0,
            "name": "NVIDIA GeForce RTX 4060 Ti",
            "utilization_percent": 100.0,
            "memory_used_mib": 15591.0,
            "memory_total_mib": 16380.0,
            "temperature_c": 72.0,
            "power_w": 148.88
          }
        ]
      },
      {
        "timestamp": "2026-10-01T23:57:21.198032+00:00",
        "elapsed_seconds": 207.103,
        "system_cpu_percent": 11.76,
        "load_average": [
          1.7734375,
          1.30126953125,
          1.15625
        ],
        "memory": {
          "total_mib": 31171.9453125,
          "available_mib": 2704.84765625,
          "used_mib": 28467.09765625
        },
        "service_rss_mib": 74.59375,
        "output_disk_free_gib": 116.0844612121582,
        "gpus": [
          {
            "index": 0,
            "name": "NVIDIA GeForce RTX 4060 Ti",
            "utilization_percent": 100.0,
            "memory_used_mib": 15591.0,
            "memory_total_mib": 16380.0,
            "temperature_c": 73.0,
            "power_w": 148.4
          }
        ]
      },
      {
        "timestamp": "2026-10-01T23:57:23.223793+00:00",
        "elapsed_seconds": 209.129,
        "system_cpu_percent": 11.6,
        "load_average": [
          1.7734375,
          1.30126953125,
          1.15625
        ],
        "memory": {
          "total_mib": 31171.9453125,
          "available_mib": 2690.3984375,
          "used_mib": 28481.546875
        },
        "service_rss_mib": 74.59375,
        "output_disk_free_gib": 116.08441925048828,
        "gpus": [
          {
            "index": 0,
            "name": "NVIDIA GeForce RTX 4060 Ti",
            "utilization_percent": 100.0,
            "memory_used_mib": 15590.0,
            "memory_total_mib": 16380.0,
            "temperature_c": 72.0,
            "power_w": 147.58
          }
        ]
      },
      {
        "timestamp": "2026-10-01T23:57:25.257129+00:00",
        "elapsed_seconds": 211.162,
        "system_cpu_percent": 13.05,
        "load_average": [
          1.7919921875,
          1.31298828125,
          1.1611328125
        ],
        "memory": {
          "total_mib": 31171.9453125,
          "available_mib": 2628.5,
          "used_mib": 28543.4453125
        },
        "service_rss_mib": 74.59375,
        "output_disk_free_gib": 116.08440017700195,
        "gpus": [
          {
            "index": 0,
            "name": "NVIDIA GeForce RTX 4060 Ti",
            "utilization_percent": 100.0,
            "memory_used_mib": 15590.0,
            "memory_total_mib": 16380.0,
            "temperature_c": 73.0,
            "power_w": 147.39
          }
        ]
      },
      {
        "timestamp": "2026-10-01T23:57:27.282613+00:00",
        "elapsed_seconds": 213.188,
        "system_cpu_percent": 14.87,
        "load_average": [
          1.7919921875,
          1.31298828125,
          1.1611328125
        ],
        "memory": {
          "total_mib": 31171.9453125,
          "available_mib": 2377.53515625,
          "used_mib": 28794.41015625
        },
        "service_rss_mib": 74.59765625,
        "output_disk_free_gib": 116.0843276977539,
        "gpus": [
          {
            "index": 0,
            "name": "NVIDIA GeForce RTX 4060 Ti",
            "utilization_percent": 100.0,
            "memory_used_mib": 15591.0,
            "memory_total_mib": 16380.0,
            "temperature_c": 73.0,
            "power_w": 143.07
          }
        ]
      },
      {
        "timestamp": "2026-10-01T23:57:29.307456+00:00",
        "elapsed_seconds": 215.213,
        "system_cpu_percent": 11.44,
        "load_average": [
          1.7919921875,
          1.31298828125,
          1.1611328125
        ],
        "memory": {
          "total_mib": 31171.9453125,
          "available_mib": 2377.27734375,
          "used_mib": 28794.66796875
        },
        "service_rss_mib": 74.59765625,
        "output_disk_free_gib": 116.08430099487305,
        "gpus": [
          {
            "index": 0,
            "name": "NVIDIA GeForce RTX 4060 Ti",
            "utilization_percent": 100.0,
            "memory_used_mib": 15591.0,
            "memory_total_mib": 16380.0,
            "temperature_c": 73.0,
            "power_w": 145.75
          }
        ]
      },
      {
        "timestamp": "2026-10-01T23:57:31.348065+00:00",
        "elapsed_seconds": 217.253,
        "system_cpu_percent": 11.68,
        "load_average": [
          1.88916015625,
          1.34130859375,
          1.17138671875
        ],
        "memory": {
          "total_mib": 31171.9453125,
          "available_mib": 2396.58984375,
          "used_mib": 28775.35546875
        },
        "service_rss_mib": 74.59765625,
        "output_disk_free_gib": 116.08536911010742,
        "gpus": [
          {
            "index": 0,
            "name": "NVIDIA GeForce RTX 4060 Ti",
            "utilization_percent": 100.0,
            "memory_used_mib": 15591.0,
            "memory_total_mib": 16380.0,
            "temperature_c": 73.0,
            "power_w": 146.4
          }
        ]
      },
      {
        "timestamp": "2026-10-01T23:57:33.388088+00:00",
        "elapsed_seconds": 219.293,
        "system_cpu_percent": 12.59,
        "load_average": [
          1.88916015625,
          1.34130859375,
          1.17138671875
        ],
        "memory": {
          "total_mib": 31171.9453125,
          "available_mib": 2502.58984375,
          "used_mib": 28669.35546875
        },
        "service_rss_mib": 74.59765625,
        "output_disk_free_gib": 116.08535766601562,
        "gpus": [
          {
            "index": 0,
            "name": "NVIDIA GeForce RTX 4060 Ti",
            "utilization_percent": 100.0,
            "memory_used_mib": 15591.0,
            "memory_total_mib": 16380.0,
            "temperature_c": 71.0,
            "power_w": 149.42
          }
        ]
      },
      {
        "timestamp": "2026-10-01T23:57:35.420346+00:00",
        "elapsed_seconds": 221.325,
        "system_cpu_percent": 14.14,
        "load_average": [
          1.8984375,
          1.3525390625,
          1.17626953125
        ],
        "memory": {
          "total_mib": 31171.9453125,
          "available_mib": 2652.36328125,
          "used_mib": 28519.58203125
        },
        "service_rss_mib": 74.59765625,
        "output_disk_free_gib": 116.08533477783203,
        "gpus": [
          {
            "index": 0,
            "name": "NVIDIA GeForce RTX 4060 Ti",
            "utilization_percent": 100.0,
            "memory_used_mib": 15591.0,
            "memory_total_mib": 16380.0,
            "temperature_c": 70.0,
            "power_w": 149.76
          }
        ]
      },
      {
        "timestamp": "2026-10-01T23:57:37.464895+00:00",
        "elapsed_seconds": 223.37,
        "system_cpu_percent": 11.29,
        "load_average": [
          1.8984375,
          1.3525390625,
          1.17626953125
        ],
        "memory": {
          "total_mib": 31171.9453125,
          "available_mib": 2663.9765625,
          "used_mib": 28507.96875
        },
        "service_rss_mib": 74.59765625,
        "output_disk_free_gib": 116.0853271484375,
        "gpus": [
          {
            "index": 0,
            "name": "NVIDIA GeForce RTX 4060 Ti",
            "utilization_percent": 100.0,
            "memory_used_mib": 15591.0,
            "memory_total_mib": 16380.0,
            "temperature_c": 68.0,
            "power_w": 149.61
          }
        ]
      },
      {
        "timestamp": "2026-10-01T23:57:39.490311+00:00",
        "elapsed_seconds": 225.395,
        "system_cpu_percent": 11.56,
        "load_average": [
          1.8984375,
          1.3525390625,
          1.17626953125
        ],
        "memory": {
          "total_mib": 31171.9453125,
          "available_mib": 2652.2578125,
          "used_mib": 28519.6875
        },
        "service_rss_mib": 74.59765625,
        "output_disk_free_gib": 116.0853042602539,
        "gpus": [
          {
            "index": 0,
            "name": "NVIDIA GeForce RTX 4060 Ti",
            "utilization_percent": 100.0,
            "memory_used_mib": 15591.0,
            "memory_total_mib": 16380.0,
            "temperature_c": 68.0,
            "power_w": 149.57
          }
        ]
      },
      {
        "timestamp": "2026-10-01T23:57:41.516726+00:00",
        "elapsed_seconds": 227.422,
        "system_cpu_percent": 11.48,
        "load_average": [
          1.826171875,
          1.3466796875,
          1.17529296875
        ],
        "memory": {
          "total_mib": 31171.9453125,
          "available_mib": 2619.13671875,
          "used_mib": 28552.80859375
        },
        "service_rss_mib": 74.59765625,
        "output_disk_free_gib": 116.08529281616211,
        "gpus": [
          {
            "index": 0,
            "name": "NVIDIA GeForce RTX 4060 Ti",
            "utilization_percent": 100.0,
            "memory_used_mib": 15591.0,
            "memory_total_mib": 16380.0,
            "temperature_c": 72.0,
            "power_w": 148.77
          }
        ]
      },
      {
        "timestamp": "2026-10-01T23:57:43.548077+00:00",
        "elapsed_seconds": 229.453,
        "system_cpu_percent": 12.04,
        "load_average": [
          1.826171875,
          1.3466796875,
          1.17529296875
        ],
        "memory": {
          "total_mib": 31171.9453125,
          "available_mib": 2610.95703125,
          "used_mib": 28560.98828125
        },
        "service_rss_mib": 74.59765625,
        "output_disk_free_gib": 116.08528137207031,
        "gpus": [
          {
            "index": 0,
            "name": "NVIDIA GeForce RTX 4060 Ti",
            "utilization_percent": 100.0,
            "memory_used_mib": 15591.0,
            "memory_total_mib": 16380.0,
            "temperature_c": 73.0,
            "power_w": 148.35
          }
        ]
      },
      {
        "timestamp": "2026-10-01T23:57:45.573294+00:00",
        "elapsed_seconds": 231.478,
        "system_cpu_percent": 11.64,
        "load_average": [
          1.759765625,
          1.3408203125,
          1.17431640625
        ],
        "memory": {
          "total_mib": 31171.9453125,
          "available_mib": 2609.6953125,
          "used_mib": 28562.25
        },
        "service_rss_mib": 74.59765625,
        "output_disk_free_gib": 116.08525848388672,
        "gpus": [
          {
            "index": 0,
            "name": "NVIDIA GeForce RTX 4060 Ti",
            "utilization_percent": 100.0,
            "memory_used_mib": 15591.0,
            "memory_total_mib": 16380.0,
            "temperature_c": 73.0,
            "power_w": 147.22
          }
        ]
      },
      {
        "timestamp": "2026-10-01T23:57:47.604752+00:00",
        "elapsed_seconds": 233.51,
        "system_cpu_percent": 11.03,
        "load_average": [
          1.759765625,
          1.3408203125,
          1.17431640625
        ],
        "memory": {
          "total_mib": 31171.9453125,
          "available_mib": 2602.28515625,
          "used_mib": 28569.66015625
        },
        "service_rss_mib": 74.59765625,
        "output_disk_free_gib": 116.08527374267578,
        "gpus": [
          {
            "index": 0,
            "name": "NVIDIA GeForce RTX 4060 Ti",
            "utilization_percent": 100.0,
            "memory_used_mib": 15592.0,
            "memory_total_mib": 16380.0,
            "temperature_c": 73.0,
            "power_w": 148.08
          }
        ]
      },
      {
        "timestamp": "2026-10-01T23:57:49.629869+00:00",
        "elapsed_seconds": 235.535,
        "system_cpu_percent": 11.57,
        "load_average": [
          1.779296875,
          1.35205078125,
          1.17919921875
        ],
        "memory": {
          "total_mib": 31171.9453125,
          "available_mib": 2591.078125,
          "used_mib": 28580.8671875
        },
        "service_rss_mib": 74.59765625,
        "output_disk_free_gib": 116.08524322509766,
        "gpus": [
          {
            "index": 0,
            "name": "NVIDIA GeForce RTX 4060 Ti",
            "utilization_percent": 100.0,
            "memory_used_mib": 15592.0,
            "memory_total_mib": 16380.0,
            "temperature_c": 73.0,
            "power_w": 147.49
          }
        ]
      },
      {
        "timestamp": "2026-10-01T23:57:51.660076+00:00",
        "elapsed_seconds": 237.565,
        "system_cpu_percent": 12.05,
        "load_average": [
          1.779296875,
          1.35205078125,
          1.17919921875
        ],
        "memory": {
          "total_mib": 31171.9453125,
          "available_mib": 2568.68359375,
          "used_mib": 28603.26171875
        },
        "service_rss_mib": 74.59765625,
        "output_disk_free_gib": 116.08522033691406,
        "gpus": [
          {
            "index": 0,
            "name": "NVIDIA GeForce RTX 4060 Ti",
            "utilization_percent": 100.0,
            "memory_used_mib": 15592.0,
            "memory_total_mib": 16380.0,
            "temperature_c": 73.0,
            "power_w": 145.7
          }
        ]
      },
      {
        "timestamp": "2026-10-01T23:57:53.694114+00:00",
        "elapsed_seconds": 239.599,
        "system_cpu_percent": 10.92,
        "load_average": [
          1.779296875,
          1.35205078125,
          1.17919921875
        ],
        "memory": {
          "total_mib": 31171.9453125,
          "available_mib": 2584.11328125,
          "used_mib": 28587.83203125
        },
        "service_rss_mib": 74.59765625,
        "output_disk_free_gib": 116.08520889282227,
        "gpus": [
          {
            "index": 0,
            "name": "NVIDIA GeForce RTX 4060 Ti",
            "utilization_percent": 100.0,
            "memory_used_mib": 15592.0,
            "memory_total_mib": 16380.0,
            "temperature_c": 73.0,
            "power_w": 146.19
          }
        ]
      },
      {
        "timestamp": "2026-10-01T23:57:55.731924+00:00",
        "elapsed_seconds": 241.637,
        "system_cpu_percent": 12.28,
        "load_average": [
          2.03759765625,
          1.4130859375,
          1.2001953125
        ],
        "memory": {
          "total_mib": 31171.9453125,
          "available_mib": 2594.2265625,
          "used_mib": 28577.71875
        },
        "service_rss_mib": 74.59765625,
        "output_disk_free_gib": 116.08520889282227,
        "gpus": [
          {
            "index": 0,
            "name": "NVIDIA GeForce RTX 4060 Ti",
            "utilization_percent": 100.0,
            "memory_used_mib": 15591.0,
            "memory_total_mib": 16380.0,
            "temperature_c": 70.0,
            "power_w": 145.92
          }
        ]
      },
      {
        "timestamp": "2026-10-01T23:57:57.765502+00:00",
        "elapsed_seconds": 243.671,
        "system_cpu_percent": 13.03,
        "load_average": [
          2.03759765625,
          1.4130859375,
          1.2001953125
        ],
        "memory": {
          "total_mib": 31171.9453125,
          "available_mib": 2493.25390625,
          "used_mib": 28678.69140625
        },
        "service_rss_mib": 74.59765625,
        "output_disk_free_gib": 116.08520126342773,
        "gpus": [
          {
            "index": 0,
            "name": "NVIDIA GeForce RTX 4060 Ti",
            "utilization_percent": 100.0,
            "memory_used_mib": 15591.0,
            "memory_total_mib": 16380.0,
            "temperature_c": 71.0,
            "power_w": 145.75
          }
        ]
      },
      {
        "timestamp": "2026-10-01T23:57:59.798834+00:00",
        "elapsed_seconds": 245.704,
        "system_cpu_percent": 13.5,
        "load_average": [
          1.9541015625,
          1.40576171875,
          1.19873046875
        ],
        "memory": {
          "total_mib": 31171.9453125,
          "available_mib": 2514.6328125,
          "used_mib": 28657.3125
        },
        "service_rss_mib": 74.59765625,
        "output_disk_free_gib": 116.08518600463867,
        "gpus": [
          {
            "index": 0,
            "name": "NVIDIA GeForce RTX 4060 Ti",
            "utilization_percent": 100.0,
            "memory_used_mib": 15592.0,
            "memory_total_mib": 16380.0,
            "temperature_c": 71.0,
            "power_w": 140.21
          }
        ]
      },
      {
        "timestamp": "2026-10-01T23:58:01.842467+00:00",
        "elapsed_seconds": 247.748,
        "system_cpu_percent": 11.71,
        "load_average": [
          1.9541015625,
          1.40576171875,
          1.19873046875
        ],
        "memory": {
          "total_mib": 31171.9453125,
          "available_mib": 2470.0703125,
          "used_mib": 28701.875
        },
        "service_rss_mib": 74.59765625,
        "output_disk_free_gib": 116.08516693115234,
        "gpus": [
          {
            "index": 0,
            "name": "NVIDIA GeForce RTX 4060 Ti",
            "utilization_percent": 100.0,
            "memory_used_mib": 15592.0,
            "memory_total_mib": 16380.0,
            "temperature_c": 70.0,
            "power_w": 147.6
          }
        ]
      },
      {
        "timestamp": "2026-10-01T23:58:03.886569+00:00",
        "elapsed_seconds": 249.792,
        "system_cpu_percent": 11.29,
        "load_average": [
          1.9541015625,
          1.40576171875,
          1.19873046875
        ],
        "memory": {
          "total_mib": 31171.9453125,
          "available_mib": 2492.62109375,
          "used_mib": 28679.32421875
        },
        "service_rss_mib": 74.59765625,
        "output_disk_free_gib": 116.08515930175781,
        "gpus": [
          {
            "index": 0,
            "name": "NVIDIA GeForce RTX 4060 Ti",
            "utilization_percent": 100.0,
            "memory_used_mib": 15592.0,
            "memory_total_mib": 16380.0,
            "temperature_c": 67.0,
            "power_w": 147.66
          }
        ]
      },
      {
        "timestamp": "2026-10-01T23:58:05.914526+00:00",
        "elapsed_seconds": 251.82,
        "system_cpu_percent": 14.29,
        "load_average": [
          1.9580078125,
          1.416015625,
          1.203125
        ],
        "memory": {
          "total_mib": 31171.9453125,
          "available_mib": 2487.94921875,
          "used_mib": 28683.99609375
        },
        "service_rss_mib": 74.59765625,
        "output_disk_free_gib": 116.08510208129883,
        "gpus": [
          {
            "index": 0,
            "name": "NVIDIA GeForce RTX 4060 Ti",
            "utilization_percent": 100.0,
            "memory_used_mib": 15592.0,
            "memory_total_mib": 16380.0,
            "temperature_c": 71.0,
            "power_w": 148.95
          }
        ]
      },
      {
        "timestamp": "2026-10-01T23:58:07.941593+00:00",
        "elapsed_seconds": 253.847,
        "system_cpu_percent": 12.54,
        "load_average": [
          1.9580078125,
          1.416015625,
          1.203125
        ],
        "memory": {
          "total_mib": 31171.9453125,
          "available_mib": 2496.48046875,
          "used_mib": 28675.46484375
        },
        "service_rss_mib": 74.59765625,
        "output_disk_free_gib": 116.08690643310547,
        "gpus": [
          {
            "index": 0,
            "name": "NVIDIA GeForce RTX 4060 Ti",
            "utilization_percent": 100.0,
            "memory_used_mib": 15592.0,
            "memory_total_mib": 16380.0,
            "temperature_c": 72.0,
            "power_w": 147.95
          }
        ]
      },
      {
        "timestamp": "2026-10-01T23:58:09.969730+00:00",
        "elapsed_seconds": 255.875,
        "system_cpu_percent": 10.71,
        "load_average": [
          1.880859375,
          1.40869140625,
          1.20166015625
        ],
        "memory": {
          "total_mib": 31171.9453125,
          "available_mib": 2491.73046875,
          "used_mib": 28680.21484375
        },
        "service_rss_mib": 74.59765625,
        "output_disk_free_gib": 116.08691787719727,
        "gpus": [
          {
            "index": 0,
            "name": "NVIDIA GeForce RTX 4060 Ti",
            "utilization_percent": 100.0,
            "memory_used_mib": 15592.0,
            "memory_total_mib": 16380.0,
            "temperature_c": 72.0,
            "power_w": 148.47
          }
        ]
      },
      {
        "timestamp": "2026-10-01T23:58:11.996096+00:00",
        "elapsed_seconds": 257.901,
        "system_cpu_percent": 12.22,
        "load_average": [
          1.880859375,
          1.40869140625,
          1.20166015625
        ],
        "memory": {
          "total_mib": 31171.9453125,
          "available_mib": 2488.4765625,
          "used_mib": 28683.46875
        },
        "service_rss_mib": 74.59765625,
        "output_disk_free_gib": 116.08687210083008,
        "gpus": [
          {
            "index": 0,
            "name": "NVIDIA GeForce RTX 4060 Ti",
            "utilization_percent": 100.0,
            "memory_used_mib": 15592.0,
            "memory_total_mib": 16380.0,
            "temperature_c": 72.0,
            "power_w": 148.43
          }
        ]
      },
      {
        "timestamp": "2026-10-01T23:58:14.019815+00:00",
        "elapsed_seconds": 259.925,
        "system_cpu_percent": 11.67,
        "load_average": [
          1.880859375,
          1.40869140625,
          1.20166015625
        ],
        "memory": {
          "total_mib": 31171.9453125,
          "available_mib": 2490.87890625,
          "used_mib": 28681.06640625
        },
        "service_rss_mib": 74.59765625,
        "output_disk_free_gib": 116.08685302734375,
        "gpus": [
          {
            "index": 0,
            "name": "NVIDIA GeForce RTX 4060 Ti",
            "utilization_percent": 100.0,
            "memory_used_mib": 15592.0,
            "memory_total_mib": 16380.0,
            "temperature_c": 73.0,
            "power_w": 148.52
          }
        ]
      },
      {
        "timestamp": "2026-10-01T23:58:16.045898+00:00",
        "elapsed_seconds": 261.951,
        "system_cpu_percent": 19.2,
        "load_average": [
          2.2109375,
          1.4853515625,
          1.2275390625
        ],
        "memory": {
          "total_mib": 31171.9453125,
          "available_mib": 2332.4375,
          "used_mib": 28839.5078125
        },
        "service_rss_mib": 74.59765625,
        "output_disk_free_gib": 116.0867919921875,
        "gpus": [
          {
            "index": 0,
            "name": "NVIDIA GeForce RTX 4060 Ti",
            "utilization_percent": 100.0,
            "memory_used_mib": 15592.0,
            "memory_total_mib": 16380.0,
            "temperature_c": 73.0,
            "power_w": 148.08
          }
        ]
      },
      {
        "timestamp": "2026-10-01T23:58:18.071892+00:00",
        "elapsed_seconds": 263.977,
        "system_cpu_percent": 13.38,
        "load_average": [
          2.2109375,
          1.4853515625,
          1.2275390625
        ],
        "memory": {
          "total_mib": 31171.9453125,
          "available_mib": 2571.49609375,
          "used_mib": 28600.44921875
        },
        "service_rss_mib": 74.59765625,
        "output_disk_free_gib": 116.08677291870117,
        "gpus": [
          {
            "index": 0,
            "name": "NVIDIA GeForce RTX 4060 Ti",
            "utilization_percent": 100.0,
            "memory_used_mib": 15592.0,
            "memory_total_mib": 16380.0,
            "temperature_c": 73.0,
            "power_w": 144.99
          }
        ]
      },
      {
        "timestamp": "2026-10-01T23:58:20.101906+00:00",
        "elapsed_seconds": 266.007,
        "system_cpu_percent": 11.02,
        "load_average": [
          2.19384765625,
          1.494140625,
          1.23193359375
        ],
        "memory": {
          "total_mib": 31171.9453125,
          "available_mib": 2576.0078125,
          "used_mib": 28595.9375
        },
        "service_rss_mib": 74.59765625,
        "output_disk_free_gib": 116.08678436279297,
        "gpus": [
          {
            "index": 0,
            "name": "NVIDIA GeForce RTX 4060 Ti",
            "utilization_percent": 100.0,
            "memory_used_mib": 15593.0,
            "memory_total_mib": 16380.0,
            "temperature_c": 73.0,
            "power_w": 145.83
          }
        ]
      },
      {
        "timestamp": "2026-10-01T23:58:22.137239+00:00",
        "elapsed_seconds": 268.042,
        "system_cpu_percent": 12.14,
        "load_average": [
          2.19384765625,
          1.494140625,
          1.23193359375
        ],
        "memory": {
          "total_mib": 31171.9453125,
          "available_mib": 2545.5703125,
          "used_mib": 28626.375
        },
        "service_rss_mib": 74.59765625,
        "output_disk_free_gib": 116.08673858642578,
        "gpus": [
          {
            "index": 0,
            "name": "NVIDIA GeForce RTX 4060 Ti",
            "utilization_percent": 100.0,
            "memory_used_mib": 15593.0,
            "memory_total_mib": 16380.0,
            "temperature_c": 73.0,
            "power_w": 145.61
          }
        ]
      },
      {
        "timestamp": "2026-10-01T23:58:24.172969+00:00",
        "elapsed_seconds": 270.078,
        "system_cpu_percent": 12.22,
        "load_average": [
          2.19384765625,
          1.494140625,
          1.23193359375
        ],
        "memory": {
          "total_mib": 31171.9453125,
          "available_mib": 2553.23828125,
          "used_mib": 28618.70703125
        },
        "service_rss_mib": 74.59765625,
        "output_disk_free_gib": 116.08672714233398,
        "gpus": [
          {
            "index": 0,
            "name": "NVIDIA GeForce RTX 4060 Ti",
            "utilization_percent": 100.0,
            "memory_used_mib": 15593.0,
            "memory_total_mib": 16380.0,
            "temperature_c": 73.0,
            "power_w": 147.31
          }
        ]
      },
      {
        "timestamp": "2026-10-01T23:58:26.207698+00:00",
        "elapsed_seconds": 272.113,
        "system_cpu_percent": 11.62,
        "load_average": [
          2.3388671875,
          1.5361328125,
          1.2470703125
        ],
        "memory": {
          "total_mib": 31171.9453125,
          "available_mib": 2557.8203125,
          "used_mib": 28614.125
        },
        "service_rss_mib": 74.59765625,
        "output_disk_free_gib": 116.08671569824219,
        "gpus": [
          {
            "index": 0,
            "name": "NVIDIA GeForce RTX 4060 Ti",
            "utilization_percent": 100.0,
            "memory_used_mib": 15592.0,
            "memory_total_mib": 16380.0,
            "temperature_c": 70.0,
            "power_w": 148.12
          }
        ]
      },
      {
        "timestamp": "2026-10-01T23:58:28.249204+00:00",
        "elapsed_seconds": 274.154,
        "system_cpu_percent": 11.54,
        "load_average": [
          2.3388671875,
          1.5361328125,
          1.2470703125
        ],
        "memory": {
          "total_mib": 31171.9453125,
          "available_mib": 2532.25,
          "used_mib": 28639.6953125
        },
        "service_rss_mib": 74.59765625,
        "output_disk_free_gib": 116.0866928100586,
        "gpus": [
          {
            "index": 0,
            "name": "NVIDIA GeForce RTX 4060 Ti",
            "utilization_percent": 100.0,
            "memory_used_mib": 15592.0,
            "memory_total_mib": 16380.0,
            "temperature_c": 70.0,
            "power_w": 147.88
          }
        ]
      },
      {
        "timestamp": "2026-10-01T23:58:30.288361+00:00",
        "elapsed_seconds": 276.194,
        "system_cpu_percent": 11.12,
        "load_average": [
          2.3115234375,
          1.5439453125,
          1.25146484375
        ],
        "memory": {
          "total_mib": 31171.9453125,
          "available_mib": 2561.15625,
          "used_mib": 28610.7890625
        },
        "service_rss_mib": 74.59765625,
        "output_disk_free_gib": 116.08669662475586,
        "gpus": [
          {
            "index": 0,
            "name": "NVIDIA GeForce RTX 4060 Ti",
            "utilization_percent": 100.0,
            "memory_used_mib": 15592.0,
            "memory_total_mib": 16380.0,
            "temperature_c": 68.0,
            "power_w": 148.24
          }
        ]
      },
      {
        "timestamp": "2026-10-01T23:58:32.315161+00:00",
        "elapsed_seconds": 278.22,
        "system_cpu_percent": 12.93,
        "load_average": [
          2.3115234375,
          1.5439453125,
          1.25146484375
        ],
        "memory": {
          "total_mib": 31171.9453125,
          "available_mib": 2542.8359375,
          "used_mib": 28629.109375
        },
        "service_rss_mib": 74.59765625,
        "output_disk_free_gib": 116.08665084838867,
        "gpus": [
          {
            "index": 0,
            "name": "NVIDIA GeForce RTX 4060 Ti",
            "utilization_percent": 95.0,
            "memory_used_mib": 15593.0,
            "memory_total_mib": 16380.0,
            "temperature_c": 67.0,
            "power_w": 145.1
          }
        ]
      },
      {
        "timestamp": "2026-10-01T23:58:34.344949+00:00",
        "elapsed_seconds": 280.25,
        "system_cpu_percent": 10.83,
        "load_average": [
          2.3115234375,
          1.5439453125,
          1.25146484375
        ],
        "memory": {
          "total_mib": 31171.9453125,
          "available_mib": 2555.8515625,
          "used_mib": 28616.09375
        },
        "service_rss_mib": 74.59765625,
        "output_disk_free_gib": 116.08663558959961,
        "gpus": [
          {
            "index": 0,
            "name": "NVIDIA GeForce RTX 4060 Ti",
            "utilization_percent": 100.0,
            "memory_used_mib": 15593.0,
            "memory_total_mib": 16380.0,
            "temperature_c": 70.0,
            "power_w": 146.85
          }
        ]
      },
      {
        "timestamp": "2026-10-01T23:58:36.369259+00:00",
        "elapsed_seconds": 282.274,
        "system_cpu_percent": 11.82,
        "load_average": [
          2.52685546875,
          1.6015625,
          1.27197265625
        ],
        "memory": {
          "total_mib": 31171.9453125,
          "available_mib": 2578.80859375,
          "used_mib": 28593.13671875
        },
        "service_rss_mib": 74.59765625,
        "output_disk_free_gib": 116.08662414550781,
        "gpus": [
          {
            "index": 0,
            "name": "NVIDIA GeForce RTX 4060 Ti",
            "utilization_percent": 100.0,
            "memory_used_mib": 15593.0,
            "memory_total_mib": 16380.0,
            "temperature_c": 72.0,
            "power_w": 148.49
          }
        ]
      },
      {
        "timestamp": "2026-10-01T23:58:38.393921+00:00",
        "elapsed_seconds": 284.299,
        "system_cpu_percent": 11.71,
        "load_average": [
          2.52685546875,
          1.6015625,
          1.27197265625
        ],
        "memory": {
          "total_mib": 31171.9453125,
          "available_mib": 2606.92578125,
          "used_mib": 28565.01953125
        },
        "service_rss_mib": 74.59765625,
        "output_disk_free_gib": 116.08660507202148,
        "gpus": [
          {
            "index": 0,
            "name": "NVIDIA GeForce RTX 4060 Ti",
            "utilization_percent": 100.0,
            "memory_used_mib": 15593.0,
            "memory_total_mib": 16380.0,
            "temperature_c": 73.0,
            "power_w": 148.28
          }
        ]
      },
      {
        "timestamp": "2026-10-01T23:58:40.419883+00:00",
        "elapsed_seconds": 286.325,
        "system_cpu_percent": 11.46,
        "load_average": [
          2.72509765625,
          1.658203125,
          1.29248046875
        ],
        "memory": {
          "total_mib": 31171.9453125,
          "available_mib": 2683.58203125,
          "used_mib": 28488.36328125
        },
        "service_rss_mib": 74.59765625,
        "output_disk_free_gib": 116.08658981323242,
        "gpus": [
          {
            "index": 0,
            "name": "NVIDIA GeForce RTX 4060 Ti",
            "utilization_percent": 100.0,
            "memory_used_mib": 15593.0,
            "memory_total_mib": 16380.0,
            "temperature_c": 73.0,
            "power_w": 148.46
          }
        ]
      },
      {
        "timestamp": "2026-10-01T23:58:42.445762+00:00",
        "elapsed_seconds": 288.351,
        "system_cpu_percent": 12.19,
        "load_average": [
          2.72509765625,
          1.658203125,
          1.29248046875
        ],
        "memory": {
          "total_mib": 31171.9453125,
          "available_mib": 2784.6875,
          "used_mib": 28387.2578125
        },
        "service_rss_mib": 74.59765625,
        "output_disk_free_gib": 116.08684158325195,
        "gpus": [
          {
            "index": 0,
            "name": "NVIDIA GeForce RTX 4060 Ti",
            "utilization_percent": 100.0,
            "memory_used_mib": 15593.0,
            "memory_total_mib": 16380.0,
            "temperature_c": 73.0,
            "power_w": 148.24
          }
        ]
      },
      {
        "timestamp": "2026-10-01T23:58:44.475965+00:00",
        "elapsed_seconds": 290.381,
        "system_cpu_percent": 11.26,
        "load_average": [
          2.72509765625,
          1.658203125,
          1.29248046875
        ],
        "memory": {
          "total_mib": 31171.9453125,
          "available_mib": 2775.69140625,
          "used_mib": 28396.25390625
        },
        "service_rss_mib": 74.6015625,
        "output_disk_free_gib": 116.08679962158203,
        "gpus": [
          {
            "index": 0,
            "name": "NVIDIA GeForce RTX 4060 Ti",
            "utilization_percent": 100.0,
            "memory_used_mib": 15593.0,
            "memory_total_mib": 16380.0,
            "temperature_c": 73.0,
            "power_w": 146.93
          }
        ]
      },
      {
        "timestamp": "2026-10-01T23:58:46.503963+00:00",
        "elapsed_seconds": 292.409,
        "system_cpu_percent": 11.85,
        "load_average": [
          2.5869140625,
          1.64697265625,
          1.29052734375
        ],
        "memory": {
          "total_mib": 31171.9453125,
          "available_mib": 2774.8984375,
          "used_mib": 28397.046875
        },
        "service_rss_mib": 74.6015625,
        "output_disk_free_gib": 116.08677673339844,
        "gpus": [
          {
            "index": 0,
            "name": "NVIDIA GeForce RTX 4060 Ti",
            "utilization_percent": 100.0,
            "memory_used_mib": 15593.0,
            "memory_total_mib": 16380.0,
            "temperature_c": 73.0,
            "power_w": 146.58
          }
        ]
      },
      {
        "timestamp": "2026-10-01T23:58:48.533593+00:00",
        "elapsed_seconds": 294.439,
        "system_cpu_percent": 14.62,
        "load_average": [
          2.5869140625,
          1.64697265625,
          1.29052734375
        ],
        "memory": {
          "total_mib": 31171.9453125,
          "available_mib": 2468.1953125,
          "used_mib": 28703.75
        },
        "service_rss_mib": 74.6015625,
        "output_disk_free_gib": 116.08825302124023,
        "gpus": [
          {
            "index": 0,
            "name": "NVIDIA GeForce RTX 4060 Ti",
            "utilization_percent": 100.0,
            "memory_used_mib": 15593.0,
            "memory_total_mib": 16380.0,
            "temperature_c": 73.0,
            "power_w": 145.56
          }
        ]
      },
      {
        "timestamp": "2026-10-01T23:58:50.570346+00:00",
        "elapsed_seconds": 296.475,
        "system_cpu_percent": 11.04,
        "load_average": [
          2.53955078125,
          1.6533203125,
          1.29443359375
        ],
        "memory": {
          "total_mib": 31171.9453125,
          "available_mib": 2578.0859375,
          "used_mib": 28593.859375
        },
        "service_rss_mib": 74.6015625,
        "output_disk_free_gib": 116.08822631835938,
        "gpus": [
          {
            "index": 0,
            "name": "NVIDIA GeForce RTX 4060 Ti",
            "utilization_percent": 100.0,
            "memory_used_mib": 15593.0,
            "memory_total_mib": 16380.0,
            "temperature_c": 73.0,
            "power_w": 147.29
          }
        ]
      },
      {
        "timestamp": "2026-10-01T23:58:52.603844+00:00",
        "elapsed_seconds": 298.509,
        "system_cpu_percent": 12.75,
        "load_average": [
          2.53955078125,
          1.6533203125,
          1.29443359375
        ],
        "memory": {
          "total_mib": 31171.9453125,
          "available_mib": 2522.90625,
          "used_mib": 28649.0390625
        },
        "service_rss_mib": 74.6015625,
        "output_disk_free_gib": 116.08820343017578,
        "gpus": [
          {
            "index": 0,
            "name": "NVIDIA GeForce RTX 4060 Ti",
            "utilization_percent": 100.0,
            "memory_used_mib": 15594.0,
            "memory_total_mib": 16380.0,
            "temperature_c": 71.0,
            "power_w": 147.05
          }
        ]
      },
      {
        "timestamp": "2026-10-01T23:58:54.645349+00:00",
        "elapsed_seconds": 300.55,
        "system_cpu_percent": 10.78,
        "load_average": [
          2.49609375,
          1.6591796875,
          1.29833984375
        ],
        "memory": {
          "total_mib": 31171.9453125,
          "available_mib": 2513.1171875,
          "used_mib": 28658.828125
        },
        "service_rss_mib": 74.6015625,
        "output_disk_free_gib": 116.08818817138672,
        "gpus": [
          {
            "index": 0,
            "name": "NVIDIA GeForce RTX 4060 Ti",
            "utilization_percent": 100.0,
            "memory_used_mib": 15594.0,
            "memory_total_mib": 16380.0,
            "temperature_c": 70.0,
            "power_w": 148.11
          }
        ]
      },
      {
        "timestamp": "2026-10-01T23:58:56.686154+00:00",
        "elapsed_seconds": 302.591,
        "system_cpu_percent": 11.61,
        "load_average": [
          2.49609375,
          1.6591796875,
          1.29833984375
        ],
        "memory": {
          "total_mib": 31171.9453125,
          "available_mib": 2479.796875,
          "used_mib": 28692.1484375
        },
        "service_rss_mib": 74.6015625,
        "output_disk_free_gib": 116.08817291259766,
        "gpus": [
          {
            "index": 0,
            "name": "NVIDIA GeForce RTX 4060 Ti",
            "utilization_percent": 100.0,
            "memory_used_mib": 15594.0,
            "memory_total_mib": 16380.0,
            "temperature_c": 70.0,
            "power_w": 147.85
          }
        ]
      },
      {
        "timestamp": "2026-10-01T23:58:58.712404+00:00",
        "elapsed_seconds": 304.618,
        "system_cpu_percent": 11.87,
        "load_average": [
          2.49609375,
          1.6591796875,
          1.29833984375
        ],
        "memory": {
          "total_mib": 31171.9453125,
          "available_mib": 2408.6015625,
          "used_mib": 28763.34375
        },
        "service_rss_mib": 74.6015625,
        "output_disk_free_gib": 116.08816146850586,
        "gpus": [
          {
            "index": 0,
            "name": "NVIDIA GeForce RTX 4060 Ti",
            "utilization_percent": 100.0,
            "memory_used_mib": 15593.0,
            "memory_total_mib": 16380.0,
            "temperature_c": 70.0,
            "power_w": 148.14
          }
        ]
      },
      {
        "timestamp": "2026-10-01T23:59:00.737956+00:00",
        "elapsed_seconds": 306.643,
        "system_cpu_percent": 11.06,
        "load_average": [
          2.53662109375,
          1.681640625,
          1.3076171875
        ],
        "memory": {
          "total_mib": 31171.9453125,
          "available_mib": 2407.88671875,
          "used_mib": 28764.05859375
        },
        "service_rss_mib": 74.6015625,
        "output_disk_free_gib": 116.088134765625,
        "gpus": [
          {
            "index": 0,
            "name": "NVIDIA GeForce RTX 4060 Ti",
            "utilization_percent": 100.0,
            "memory_used_mib": 15593.0,
            "memory_total_mib": 16380.0,
            "temperature_c": 72.0,
            "power_w": 147.98
          }
        ]
      },
      {
        "timestamp": "2026-10-01T23:59:02.763309+00:00",
        "elapsed_seconds": 308.668,
        "system_cpu_percent": 13.16,
        "load_average": [
          2.53662109375,
          1.681640625,
          1.3076171875
        ],
        "memory": {
          "total_mib": 31171.9453125,
          "available_mib": 2380.75,
          "used_mib": 28791.1953125
        },
        "service_rss_mib": 74.6015625,
        "output_disk_free_gib": 116.0884017944336,
        "gpus": [
          {
            "index": 0,
            "name": "NVIDIA GeForce RTX 4060 Ti",
            "utilization_percent": 100.0,
            "memory_used_mib": 15593.0,
            "memory_total_mib": 16380.0,
            "temperature_c": 72.0,
            "power_w": 147.63
          }
        ]
      },
      {
        "timestamp": "2026-10-01T23:59:04.788624+00:00",
        "elapsed_seconds": 310.694,
        "system_cpu_percent": 11.95,
        "load_average": [
          2.57373046875,
          1.70361328125,
          1.31689453125
        ],
        "memory": {
          "total_mib": 31171.9453125,
          "available_mib": 2384.1640625,
          "used_mib": 28787.78125
        },
        "service_rss_mib": 74.6015625,
        "output_disk_free_gib": 116.08842468261719,
        "gpus": [
          {
            "index": 0,
            "name": "NVIDIA GeForce RTX 4060 Ti",
            "utilization_percent": 100.0,
            "memory_used_mib": 15594.0,
            "memory_total_mib": 16380.0,
            "temperature_c": 72.0,
            "power_w": 147.09
          }
        ]
      },
      {
        "timestamp": "2026-10-01T23:59:06.814885+00:00",
        "elapsed_seconds": 312.72,
        "system_cpu_percent": 11.64,
        "load_average": [
          2.57373046875,
          1.70361328125,
          1.31689453125
        ],
        "memory": {
          "total_mib": 31171.9453125,
          "available_mib": 2404.5078125,
          "used_mib": 28767.4375
        },
        "service_rss_mib": 74.6015625,
        "output_disk_free_gib": 116.08841323852539,
        "gpus": [
          {
            "index": 0,
            "name": "NVIDIA GeForce RTX 4060 Ti",
            "utilization_percent": 100.0,
            "memory_used_mib": 15594.0,
            "memory_total_mib": 16380.0,
            "temperature_c": 72.0,
            "power_w": 147.56
          }
        ]
      },
      {
        "timestamp": "2026-10-01T23:59:08.839471+00:00",
        "elapsed_seconds": 314.745,
        "system_cpu_percent": 11.71,
        "load_average": [
          2.57373046875,
          1.70361328125,
          1.31689453125
        ],
        "memory": {
          "total_mib": 31171.9453125,
          "available_mib": 2420.98046875,
          "used_mib": 28750.96484375
        },
        "service_rss_mib": 74.6015625,
        "output_disk_free_gib": 116.08839797973633,
        "gpus": [
          {
            "index": 0,
            "name": "NVIDIA GeForce RTX 4060 Ti",
            "utilization_percent": 100.0,
            "memory_used_mib": 15594.0,
            "memory_total_mib": 16380.0,
            "temperature_c": 73.0,
            "power_w": 148.0
          }
        ]
      },
      {
        "timestamp": "2026-10-01T23:59:10.864599+00:00",
        "elapsed_seconds": 316.77,
        "system_cpu_percent": 10.7,
        "load_average": [
          2.60791015625,
          1.7255859375,
          1.326171875
        ],
        "memory": {
          "total_mib": 31171.9453125,
          "available_mib": 2420.51953125,
          "used_mib": 28751.42578125
        },
        "service_rss_mib": 74.6015625,
        "output_disk_free_gib": 116.08838272094727,
        "gpus": [
          {
            "index": 0,
            "name": "NVIDIA GeForce RTX 4060 Ti",
            "utilization_percent": 100.0,
            "memory_used_mib": 15594.0,
            "memory_total_mib": 16380.0,
            "temperature_c": 73.0,
            "power_w": 147.28
          }
        ]
      },
      {
        "timestamp": "2026-10-01T23:59:12.893258+00:00",
        "elapsed_seconds": 318.798,
        "system_cpu_percent": 13.83,
        "load_average": [
          2.60791015625,
          1.7255859375,
          1.326171875
        ],
        "memory": {
          "total_mib": 31171.9453125,
          "available_mib": 2419.97265625,
          "used_mib": 28751.97265625
        },
        "service_rss_mib": 74.6015625,
        "output_disk_free_gib": 116.08835983276367,
        "gpus": [
          {
            "index": 0,
            "name": "NVIDIA GeForce RTX 4060 Ti",
            "utilization_percent": 100.0,
            "memory_used_mib": 15594.0,
            "memory_total_mib": 16380.0,
            "temperature_c": 73.0,
            "power_w": 146.48
          }
        ]
      },
      {
        "timestamp": "2026-10-01T23:59:14.921905+00:00",
        "elapsed_seconds": 320.827,
        "system_cpu_percent": 13.61,
        "load_average": [
          2.55908203125,
          1.73046875,
          1.330078125
        ],
        "memory": {
          "total_mib": 31171.9453125,
          "available_mib": 2421.06640625,
          "used_mib": 28750.87890625
        },
        "service_rss_mib": 74.6015625,
        "output_disk_free_gib": 116.08826065063477,
        "gpus": [
          {
            "index": 0,
            "name": "NVIDIA GeForce RTX 4060 Ti",
            "utilization_percent": 100.0,
            "memory_used_mib": 15594.0,
            "memory_total_mib": 16380.0,
            "temperature_c": 73.0,
            "power_w": 147.18
          }
        ]
      },
      {
        "timestamp": "2026-10-01T23:59:16.958627+00:00",
        "elapsed_seconds": 322.864,
        "system_cpu_percent": 13.09,
        "load_average": [
          2.55908203125,
          1.73046875,
          1.330078125
        ],
        "memory": {
          "total_mib": 31171.9453125,
          "available_mib": 2341.09375,
          "used_mib": 28830.8515625
        },
        "service_rss_mib": 74.6015625,
        "output_disk_free_gib": 116.08822250366211,
        "gpus": [
          {
            "index": 0,
            "name": "NVIDIA GeForce RTX 4060 Ti",
            "utilization_percent": 100.0,
            "memory_used_mib": 15594.0,
            "memory_total_mib": 16380.0,
            "temperature_c": 74.0,
            "power_w": 148.11
          }
        ]
      },
      {
        "timestamp": "2026-10-01T23:59:19.000054+00:00",
        "elapsed_seconds": 324.905,
        "system_cpu_percent": 19.4,
        "load_average": [
          2.55908203125,
          1.73046875,
          1.330078125
        ],
        "memory": {
          "total_mib": 31171.9453125,
          "available_mib": 2419.1171875,
          "used_mib": 28752.828125
        },
        "service_rss_mib": 74.6015625,
        "output_disk_free_gib": 116.08818817138672,
        "gpus": [
          {
            "index": 0,
            "name": "NVIDIA GeForce RTX 4060 Ti",
            "utilization_percent": 100.0,
            "memory_used_mib": 15594.0,
            "memory_total_mib": 16380.0,
            "temperature_c": 71.0,
            "power_w": 148.77
          }
        ]
      },
      {
        "timestamp": "2026-10-01T23:59:21.045433+00:00",
        "elapsed_seconds": 326.951,
        "system_cpu_percent": 10.62,
        "load_average": [
          2.43408203125,
          1.71826171875,
          1.328125
        ],
        "memory": {
          "total_mib": 31171.9453125,
          "available_mib": 2423.77734375,
          "used_mib": 28748.16796875
        },
        "service_rss_mib": 74.6015625,
        "output_disk_free_gib": 116.0881576538086,
        "gpus": [
          {
            "index": 0,
            "name": "NVIDIA GeForce RTX 4060 Ti",
            "utilization_percent": 100.0,
            "memory_used_mib": 15594.0,
            "memory_total_mib": 16380.0,
            "temperature_c": 70.0,
            "power_w": 149.39
          }
        ]
      },
      {
        "timestamp": "2026-10-01T23:59:23.081018+00:00",
        "elapsed_seconds": 328.986,
        "system_cpu_percent": 12.41,
        "load_average": [
          2.43408203125,
          1.71826171875,
          1.328125
        ],
        "memory": {
          "total_mib": 31171.9453125,
          "available_mib": 2446.5625,
          "used_mib": 28725.3828125
        },
        "service_rss_mib": 74.6015625,
        "output_disk_free_gib": 116.0881462097168,
        "gpus": [
          {
            "index": 0,
            "name": "NVIDIA GeForce RTX 4060 Ti",
            "utilization_percent": 100.0,
            "memory_used_mib": 15595.0,
            "memory_total_mib": 16380.0,
            "temperature_c": 68.0,
            "power_w": 147.42
          }
        ]
      },
      {
        "timestamp": "2026-10-01T23:59:25.105873+00:00",
        "elapsed_seconds": 331.011,
        "system_cpu_percent": 11.4,
        "load_average": [
          2.31884765625,
          1.7060546875,
          1.326171875
        ],
        "memory": {
          "total_mib": 31171.9453125,
          "available_mib": 2449.5390625,
          "used_mib": 28722.40625
        },
        "service_rss_mib": 74.6015625,
        "output_disk_free_gib": 116.0881233215332,
        "gpus": [
          {
            "index": 0,
            "name": "NVIDIA GeForce RTX 4060 Ti",
            "utilization_percent": 100.0,
            "memory_used_mib": 15595.0,
            "memory_total_mib": 16380.0,
            "temperature_c": 71.0,
            "power_w": 147.98
          }
        ]
      },
      {
        "timestamp": "2026-10-01T23:59:27.131371+00:00",
        "elapsed_seconds": 333.037,
        "system_cpu_percent": 11.13,
        "load_average": [
          2.31884765625,
          1.7060546875,
          1.326171875
        ],
        "memory": {
          "total_mib": 31171.9453125,
          "available_mib": 2448.1484375,
          "used_mib": 28723.796875
        },
        "service_rss_mib": 74.6015625,
        "output_disk_free_gib": 116.0881118774414,
        "gpus": [
          {
            "index": 0,
            "name": "NVIDIA GeForce RTX 4060 Ti",
            "utilization_percent": 100.0,
            "memory_used_mib": 15594.0,
            "memory_total_mib": 16380.0,
            "temperature_c": 72.0,
            "power_w": 148.01
          }
        ]
      },
      {
        "timestamp": "2026-10-01T23:59:29.159314+00:00",
        "elapsed_seconds": 335.064,
        "system_cpu_percent": 11.82,
        "load_average": [
          2.31884765625,
          1.7060546875,
          1.326171875
        ],
        "memory": {
          "total_mib": 31171.9453125,
          "available_mib": 2432.88671875,
          "used_mib": 28739.05859375
        },
        "service_rss_mib": 74.6015625,
        "output_disk_free_gib": 116.08809280395508,
        "gpus": [
          {
            "index": 0,
            "name": "NVIDIA GeForce RTX 4060 Ti",
            "utilization_percent": 100.0,
            "memory_used_mib": 15594.0,
            "memory_total_mib": 16380.0,
            "temperature_c": 72.0,
            "power_w": 148.53
          }
        ]
      },
      {
        "timestamp": "2026-10-01T23:59:31.191075+00:00",
        "elapsed_seconds": 337.096,
        "system_cpu_percent": 10.71,
        "load_average": [
          2.212890625,
          1.69384765625,
          1.32421875
        ],
        "memory": {
          "total_mib": 31171.9453125,
          "available_mib": 2442.41796875,
          "used_mib": 28729.52734375
        },
        "service_rss_mib": 74.6015625,
        "output_disk_free_gib": 116.08807754516602,
        "gpus": [
          {
            "index": 0,
            "name": "NVIDIA GeForce RTX 4060 Ti",
            "utilization_percent": 100.0,
            "memory_used_mib": 15594.0,
            "memory_total_mib": 16380.0,
            "temperature_c": 73.0,
            "power_w": 148.28
          }
        ]
      },
      {
        "timestamp": "2026-10-01T23:59:33.215741+00:00",
        "elapsed_seconds": 339.121,
        "system_cpu_percent": 14.83,
        "load_average": [
          2.212890625,
          1.69384765625,
          1.32421875
        ],
        "memory": {
          "total_mib": 31171.9453125,
          "available_mib": 2461.69921875,
          "used_mib": 28710.24609375
        },
        "service_rss_mib": 74.6015625,
        "output_disk_free_gib": 116.08806228637695,
        "gpus": [
          {
            "index": 0,
            "name": "NVIDIA GeForce RTX 4060 Ti",
            "utilization_percent": 100.0,
            "memory_used_mib": 15595.0,
            "memory_total_mib": 16380.0,
            "temperature_c": 73.0,
            "power_w": 148.56
          }
        ]
      },
      {
        "timestamp": "2026-10-01T23:59:35.245076+00:00",
        "elapsed_seconds": 341.15,
        "system_cpu_percent": 12.41,
        "load_average": [
          2.3564453125,
          1.732421875,
          1.3388671875
        ],
        "memory": {
          "total_mib": 31171.9453125,
          "available_mib": 2425.2421875,
          "used_mib": 28746.703125
        },
        "service_rss_mib": 74.6015625,
        "output_disk_free_gib": 116.08803939819336,
        "gpus": [
          {
            "index": 0,
            "name": "NVIDIA GeForce RTX 4060 Ti",
            "utilization_percent": 100.0,
            "memory_used_mib": 15595.0,
            "memory_total_mib": 16380.0,
            "temperature_c": 73.0,
            "power_w": 146.08
          }
        ]
      },
      {
        "timestamp": "2026-10-01T23:59:37.270264+00:00",
        "elapsed_seconds": 343.175,
        "system_cpu_percent": 10.85,
        "load_average": [
          2.3564453125,
          1.732421875,
          1.3388671875
        ],
        "memory": {
          "total_mib": 31171.9453125,
          "available_mib": 2450.578125,
          "used_mib": 28721.3671875
        },
        "service_rss_mib": 74.6015625,
        "output_disk_free_gib": 116.08804321289062,
        "gpus": [
          {
            "index": 0,
            "name": "NVIDIA GeForce RTX 4060 Ti",
            "utilization_percent": 100.0,
            "memory_used_mib": 15595.0,
            "memory_total_mib": 16380.0,
            "temperature_c": 73.0,
            "power_w": 145.18
          }
        ]
      },
      {
        "timestamp": "2026-10-01T23:59:39.295987+00:00",
        "elapsed_seconds": 345.201,
        "system_cpu_percent": 12.38,
        "load_average": [
          2.3564453125,
          1.732421875,
          1.3388671875
        ],
        "memory": {
          "total_mib": 31171.9453125,
          "available_mib": 2462.5859375,
          "used_mib": 28709.359375
        },
        "service_rss_mib": 74.6015625,
        "output_disk_free_gib": 116.0879898071289,
        "gpus": [
          {
            "index": 0,
            "name": "NVIDIA GeForce RTX 4060 Ti",
            "utilization_percent": 100.0,
            "memory_used_mib": 15595.0,
            "memory_total_mib": 16380.0,
            "temperature_c": 73.0,
            "power_w": 143.67
          }
        ]
      },
      {
        "timestamp": "2026-10-01T23:59:41.334489+00:00",
        "elapsed_seconds": 347.24,
        "system_cpu_percent": 12.3,
        "load_average": [
          2.24755859375,
          1.72021484375,
          1.3369140625
        ],
        "memory": {
          "total_mib": 31171.9453125,
          "available_mib": 2506.609375,
          "used_mib": 28665.3359375
        },
        "service_rss_mib": 74.6015625,
        "output_disk_free_gib": 116.08798217773438,
        "gpus": [
          {
            "index": 0,
            "name": "NVIDIA GeForce RTX 4060 Ti",
            "utilization_percent": 100.0,
            "memory_used_mib": 15592.0,
            "memory_total_mib": 16380.0,
            "temperature_c": 73.0,
            "power_w": 147.36
          }
        ]
      },
      {
        "timestamp": "2026-10-01T23:59:43.367048+00:00",
        "elapsed_seconds": 349.272,
        "system_cpu_percent": 12.89,
        "load_average": [
          2.24755859375,
          1.72021484375,
          1.3369140625
        ],
        "memory": {
          "total_mib": 31171.9453125,
          "available_mib": 2500.07421875,
          "used_mib": 28671.87109375
        },
        "service_rss_mib": 74.6015625,
        "output_disk_free_gib": 116.08796310424805,
        "gpus": [
          {
            "index": 0,
            "name": "NVIDIA GeForce RTX 4060 Ti",
            "utilization_percent": 100.0,
            "memory_used_mib": 15589.0,
            "memory_total_mib": 16380.0,
            "temperature_c": 71.0,
            "power_w": 148.78
          }
        ]
      },
      {
        "timestamp": "2026-10-01T23:59:45.400381+00:00",
        "elapsed_seconds": 351.306,
        "system_cpu_percent": 11.97,
        "load_average": [
          2.30810546875,
          1.74169921875,
          1.34619140625
        ],
        "memory": {
          "total_mib": 31171.9453125,
          "available_mib": 2512.91796875,
          "used_mib": 28659.02734375
        },
        "service_rss_mib": 74.6015625,
        "output_disk_free_gib": 116.08795928955078,
        "gpus": [
          {
            "index": 0,
            "name": "NVIDIA GeForce RTX 4060 Ti",
            "utilization_percent": 100.0,
            "memory_used_mib": 15589.0,
            "memory_total_mib": 16380.0,
            "temperature_c": 70.0,
            "power_w": 149.57
          }
        ]
      },
      {
        "timestamp": "2026-10-01T23:59:47.448964+00:00",
        "elapsed_seconds": 353.354,
        "system_cpu_percent": 11.05,
        "load_average": [
          2.30810546875,
          1.74169921875,
          1.34619140625
        ],
        "memory": {
          "total_mib": 31171.9453125,
          "available_mib": 2525.328125,
          "used_mib": 28646.6171875
        },
        "service_rss_mib": 74.6015625,
        "output_disk_free_gib": 116.08794784545898,
        "gpus": [
          {
            "index": 0,
            "name": "NVIDIA GeForce RTX 4060 Ti",
            "utilization_percent": 100.0,
            "memory_used_mib": 15589.0,
            "memory_total_mib": 16380.0,
            "temperature_c": 68.0,
            "power_w": 149.12
          }
        ]
      },
      {
        "timestamp": "2026-10-01T23:59:49.479454+00:00",
        "elapsed_seconds": 355.385,
        "system_cpu_percent": 12.02,
        "load_average": [
          2.30810546875,
          1.74169921875,
          1.34619140625
        ],
        "memory": {
          "total_mib": 31171.9453125,
          "available_mib": 2517.30859375,
          "used_mib": 28654.63671875
        },
        "service_rss_mib": 74.6015625,
        "output_disk_free_gib": 116.08794403076172,
        "gpus": [
          {
            "index": 0,
            "name": "NVIDIA GeForce RTX 4060 Ti",
            "utilization_percent": 100.0,
            "memory_used_mib": 15589.0,
            "memory_total_mib": 16380.0,
            "temperature_c": 72.0,
            "power_w": 148.55
          }
        ]
      },
      {
        "timestamp": "2026-10-01T23:59:51.509193+00:00",
        "elapsed_seconds": 357.414,
        "system_cpu_percent": 12.27,
        "load_average": [
          2.44384765625,
          1.779296875,
          1.36083984375
        ],
        "memory": {
          "total_mib": 31171.9453125,
          "available_mib": 2522.7578125,
          "used_mib": 28649.1875
        },
        "service_rss_mib": 74.6015625,
        "output_disk_free_gib": 116.08792495727539,
        "gpus": [
          {
            "index": 0,
            "name": "NVIDIA GeForce RTX 4060 Ti",
            "utilization_percent": 100.0,
            "memory_used_mib": 15589.0,
            "memory_total_mib": 16380.0,
            "temperature_c": 72.0,
            "power_w": 149.25
          }
        ]
      },
      {
        "timestamp": "2026-10-01T23:59:53.534500+00:00",
        "elapsed_seconds": 359.44,
        "system_cpu_percent": 12.02,
        "load_average": [
          2.44384765625,
          1.779296875,
          1.36083984375
        ],
        "memory": {
          "total_mib": 31171.9453125,
          "available_mib": 2631.328125,
          "used_mib": 28540.6171875
        },
        "service_rss_mib": 74.6015625,
        "output_disk_free_gib": 116.0879135131836,
        "gpus": [
          {
            "index": 0,
            "name": "NVIDIA GeForce RTX 4060 Ti",
            "utilization_percent": 100.0,
            "memory_used_mib": 15589.0,
            "memory_total_mib": 16380.0,
            "temperature_c": 73.0,
            "power_w": 148.63
          }
        ]
      },
      {
        "timestamp": "2026-10-01T23:59:55.560695+00:00",
        "elapsed_seconds": 361.466,
        "system_cpu_percent": 11.59,
        "load_average": [
          2.408203125,
          1.783203125,
          1.36474609375
        ],
        "memory": {
          "total_mib": 31171.9453125,
          "available_mib": 2580.74609375,
          "used_mib": 28591.19921875
        },
        "service_rss_mib": 74.6015625,
        "output_disk_free_gib": 116.08789443969727,
        "gpus": [
          {
            "index": 0,
            "name": "NVIDIA GeForce RTX 4060 Ti",
            "utilization_percent": 100.0,
            "memory_used_mib": 15590.0,
            "memory_total_mib": 16380.0,
            "temperature_c": 73.0,
            "power_w": 147.91
          }
        ]
      },
      {
        "timestamp": "2026-10-01T23:59:57.590635+00:00",
        "elapsed_seconds": 363.496,
        "system_cpu_percent": 10.94,
        "load_average": [
          2.408203125,
          1.783203125,
          1.36474609375
        ],
        "memory": {
          "total_mib": 31171.9453125,
          "available_mib": 2486.171875,
          "used_mib": 28685.7734375
        },
        "service_rss_mib": 74.6015625,
        "output_disk_free_gib": 116.08788299560547,
        "gpus": [
          {
            "index": 0,
            "name": "NVIDIA GeForce RTX 4060 Ti",
            "utilization_percent": 100.0,
            "memory_used_mib": 15589.0,
            "memory_total_mib": 16380.0,
            "temperature_c": 73.0,
            "power_w": 148.23
          }
        ]
      },
      {
        "timestamp": "2026-10-01T23:59:59.616661+00:00",
        "elapsed_seconds": 365.522,
        "system_cpu_percent": 11.88,
        "load_average": [
          2.408203125,
          1.783203125,
          1.36474609375
        ],
        "memory": {
          "total_mib": 31171.9453125,
          "available_mib": 2465.20703125,
          "used_mib": 28706.73828125
        },
        "service_rss_mib": 74.6015625,
        "output_disk_free_gib": 116.0879020690918,
        "gpus": [
          {
            "index": 0,
            "name": "NVIDIA GeForce RTX 4060 Ti",
            "utilization_percent": 100.0,
            "memory_used_mib": 15589.0,
            "memory_total_mib": 16380.0,
            "temperature_c": 73.0,
            "power_w": 148.21
          }
        ]
      },
      {
        "timestamp": "2026-10-02T00:00:01.641440+00:00",
        "elapsed_seconds": 367.547,
        "system_cpu_percent": 11.73,
        "load_average": [
          2.37548828125,
          1.787109375,
          1.3681640625
        ],
        "memory": {
          "total_mib": 31171.9453125,
          "available_mib": 2595.328125,
          "used_mib": 28576.6171875
        },
        "service_rss_mib": 74.6015625,
        "output_disk_free_gib": 116.08784484863281,
        "gpus": [
          {
            "index": 0,
            "name": "NVIDIA GeForce RTX 4060 Ti",
            "utilization_percent": 100.0,
            "memory_used_mib": 15589.0,
            "memory_total_mib": 16380.0,
            "temperature_c": 73.0,
            "power_w": 145.4
          }
        ]
      },
      {
        "timestamp": "2026-10-02T00:00:03.672788+00:00",
        "elapsed_seconds": 369.578,
        "system_cpu_percent": 11.61,
        "load_average": [
          2.37548828125,
          1.787109375,
          1.3681640625
        ],
        "memory": {
          "total_mib": 31171.9453125,
          "available_mib": 2714.9765625,
          "used_mib": 28456.96875
        },
        "service_rss_mib": 74.6015625,
        "output_disk_free_gib": 116.08781814575195,
        "gpus": [
          {
            "index": 0,
            "name": "NVIDIA GeForce RTX 4060 Ti",
            "utilization_percent": 100.0,
            "memory_used_mib": 15589.0,
            "memory_total_mib": 16380.0,
            "temperature_c": 73.0,
            "power_w": 145.87
          }
        ]
      },
      {
        "timestamp": "2026-10-02T00:00:05.715436+00:00",
        "elapsed_seconds": 371.621,
        "system_cpu_percent": 11.92,
        "load_average": [
          2.42578125,
          1.8076171875,
          1.376953125
        ],
        "memory": {
          "total_mib": 31171.9453125,
          "available_mib": 2661.125,
          "used_mib": 28510.8203125
        },
        "service_rss_mib": 74.6015625,
        "output_disk_free_gib": 116.08780670166016,
        "gpus": [
          {
            "index": 0,
            "name": "NVIDIA GeForce RTX 4060 Ti",
            "utilization_percent": 100.0,
            "memory_used_mib": 15590.0,
            "memory_total_mib": 16380.0,
            "temperature_c": 71.0,
            "power_w": 146.4
          }
        ]
      },
      {
        "timestamp": "2026-10-02T00:00:07.747636+00:00",
        "elapsed_seconds": 373.653,
        "system_cpu_percent": 10.53,
        "load_average": [
          2.42578125,
          1.8076171875,
          1.376953125
        ],
        "memory": {
          "total_mib": 31171.9453125,
          "available_mib": 2661.83984375,
          "used_mib": 28510.10546875
        },
        "service_rss_mib": 74.6015625,
        "output_disk_free_gib": 116.08778762817383,
        "gpus": [
          {
            "index": 0,
            "name": "NVIDIA GeForce RTX 4060 Ti",
            "utilization_percent": 100.0,
            "memory_used_mib": 15590.0,
            "memory_total_mib": 16380.0,
            "temperature_c": 70.0,
            "power_w": 148.28
          }
        ]
      },
      {
        "timestamp": "2026-10-02T00:00:09.790197+00:00",
        "elapsed_seconds": 375.695,
        "system_cpu_percent": 12.18,
        "load_average": [
          2.3115234375,
          1.7939453125,
          1.37451171875
        ],
        "memory": {
          "total_mib": 31171.9453125,
          "available_mib": 2653.24609375,
          "used_mib": 28518.69921875
        },
        "service_rss_mib": 74.6015625,
        "output_disk_free_gib": 116.0877685546875,
        "gpus": [
          {
            "index": 0,
            "name": "NVIDIA GeForce RTX 4060 Ti",
            "utilization_percent": 100.0,
            "memory_used_mib": 15590.0,
            "memory_total_mib": 16380.0,
            "temperature_c": 68.0,
            "power_w": 147.86
          }
        ]
      },
      {
        "timestamp": "2026-10-02T00:00:11.836938+00:00",
        "elapsed_seconds": 377.742,
        "system_cpu_percent": 14.31,
        "load_average": [
          2.3115234375,
          1.7939453125,
          1.37451171875
        ],
        "memory": {
          "total_mib": 31171.9453125,
          "available_mib": 2625.07421875,
          "used_mib": 28546.87109375
        },
        "service_rss_mib": 74.6015625,
        "output_disk_free_gib": 116.08776473999023,
        "gpus": [
          {
            "index": 0,
            "name": "NVIDIA GeForce RTX 4060 Ti",
            "utilization_percent": 100.0,
            "memory_used_mib": 15590.0,
            "memory_total_mib": 16380.0,
            "temperature_c": 69.0,
            "power_w": 140.91
          }
        ]
      },
      {
        "timestamp": "2026-10-02T00:00:13.875731+00:00",
        "elapsed_seconds": 379.781,
        "system_cpu_percent": 11.22,
        "load_average": [
          2.3115234375,
          1.7939453125,
          1.37451171875
        ],
        "memory": {
          "total_mib": 31171.9453125,
          "available_mib": 2639.5859375,
          "used_mib": 28532.359375
        },
        "service_rss_mib": 74.6015625,
        "output_disk_free_gib": 116.08774185180664,
        "gpus": [
          {
            "index": 0,
            "name": "NVIDIA GeForce RTX 4060 Ti",
            "utilization_percent": 100.0,
            "memory_used_mib": 15590.0,
            "memory_total_mib": 16380.0,
            "temperature_c": 68.0,
            "power_w": 148.13
          }
        ]
      },
      {
        "timestamp": "2026-10-02T00:00:15.904145+00:00",
        "elapsed_seconds": 381.809,
        "system_cpu_percent": 11.67,
        "load_average": [
          2.36669921875,
          1.814453125,
          1.38330078125
        ],
        "memory": {
          "total_mib": 31171.9453125,
          "available_mib": 2638.359375,
          "used_mib": 28533.5859375
        },
        "service_rss_mib": 74.6015625,
        "output_disk_free_gib": 116.08769989013672,
        "gpus": [
          {
            "index": 0,
            "name": "NVIDIA GeForce RTX 4060 Ti",
            "utilization_percent": 100.0,
            "memory_used_mib": 15590.0,
            "memory_total_mib": 16380.0,
            "temperature_c": 70.0,
            "power_w": 149.04
          }
        ]
      },
      {
        "timestamp": "2026-10-02T00:00:17.930562+00:00",
        "elapsed_seconds": 383.836,
        "system_cpu_percent": 11.16,
        "load_average": [
          2.36669921875,
          1.814453125,
          1.38330078125
        ],
        "memory": {
          "total_mib": 31171.9453125,
          "available_mib": 2675.9375,
          "used_mib": 28496.0078125
        },
        "service_rss_mib": 74.6015625,
        "output_disk_free_gib": 116.08768463134766,
        "gpus": [
          {
            "index": 0,
            "name": "NVIDIA GeForce RTX 4060 Ti",
            "utilization_percent": 100.0,
            "memory_used_mib": 15590.0,
            "memory_total_mib": 16380.0,
            "temperature_c": 72.0,
            "power_w": 148.57
          }
        ]
      },
      {
        "timestamp": "2026-10-02T00:00:19.958825+00:00",
        "elapsed_seconds": 385.864,
        "system_cpu_percent": 15.56,
        "load_average": [
          2.41748046875,
          1.83447265625,
          1.39208984375
        ],
        "memory": {
          "total_mib": 31171.9453125,
          "available_mib": 2552.015625,
          "used_mib": 28619.9296875
        },
        "service_rss_mib": 74.6015625,
        "output_disk_free_gib": 116.08766555786133,
        "gpus": [
          {
            "index": 0,
            "name": "NVIDIA GeForce RTX 4060 Ti",
            "utilization_percent": 100.0,
            "memory_used_mib": 15590.0,
            "memory_total_mib": 16380.0,
            "temperature_c": 73.0,
            "power_w": 147.83
          }
        ]
      },
      {
        "timestamp": "2026-10-02T00:00:21.988757+00:00",
        "elapsed_seconds": 387.894,
        "system_cpu_percent": 17.63,
        "load_average": [
          2.41748046875,
          1.83447265625,
          1.39208984375
        ],
        "memory": {
          "total_mib": 31171.9453125,
          "available_mib": 2614.29296875,
          "used_mib": 28557.65234375
        },
        "service_rss_mib": 74.6015625,
        "output_disk_free_gib": 116.08768463134766,
        "gpus": [
          {
            "index": 0,
            "name": "NVIDIA GeForce RTX 4060 Ti",
            "utilization_percent": 100.0,
            "memory_used_mib": 15590.0,
            "memory_total_mib": 16380.0,
            "temperature_c": 73.0,
            "power_w": 148.95
          }
        ]
      },
      {
        "timestamp": "2026-10-02T00:00:24.015632+00:00",
        "elapsed_seconds": 389.921,
        "system_cpu_percent": 12.81,
        "load_average": [
          2.41748046875,
          1.83447265625,
          1.39208984375
        ],
        "memory": {
          "total_mib": 31171.9453125,
          "available_mib": 2680.4921875,
          "used_mib": 28491.453125
        },
        "service_rss_mib": 74.6015625,
        "output_disk_free_gib": 116.08763122558594,
        "gpus": [
          {
            "index": 0,
            "name": "NVIDIA GeForce RTX 4060 Ti",
            "utilization_percent": 100.0,
            "memory_used_mib": 15590.0,
            "memory_total_mib": 16380.0,
            "temperature_c": 73.0,
            "power_w": 147.59
          }
        ]
      },
      {
        "timestamp": "2026-10-02T00:00:26.041475+00:00",
        "elapsed_seconds": 391.947,
        "system_cpu_percent": 13.9,
        "load_average": [
          2.3037109375,
          1.8203125,
          1.3896484375
        ],
        "memory": {
          "total_mib": 31171.9453125,
          "available_mib": 2592.69140625,
          "used_mib": 28579.25390625
        },
        "service_rss_mib": 74.6015625,
        "output_disk_free_gib": 116.08758544921875,
        "gpus": [
          {
            "index": 0,
            "name": "NVIDIA GeForce RTX 4060 Ti",
            "utilization_percent": 100.0,
            "memory_used_mib": 15590.0,
            "memory_total_mib": 16380.0,
            "temperature_c": 73.0,
            "power_w": 146.96
          }
        ]
      },
      {
        "timestamp": "2026-10-02T00:00:28.067018+00:00",
        "elapsed_seconds": 393.972,
        "system_cpu_percent": 10.62,
        "load_average": [
          2.3037109375,
          1.8203125,
          1.3896484375
        ],
        "memory": {
          "total_mib": 31171.9453125,
          "available_mib": 2598.72265625,
          "used_mib": 28573.22265625
        },
        "service_rss_mib": 74.6015625,
        "output_disk_free_gib": 116.08757019042969,
        "gpus": [
          {
            "index": 0,
            "name": "NVIDIA GeForce RTX 4060 Ti",
            "utilization_percent": 100.0,
            "memory_used_mib": 15590.0,
            "memory_total_mib": 16380.0,
            "temperature_c": 73.0,
            "power_w": 146.0
          }
        ]
      },
      {
        "timestamp": "2026-10-02T00:00:30.098680+00:00",
        "elapsed_seconds": 396.004,
        "system_cpu_percent": 14.7,
        "load_average": [
          2.19921875,
          1.806640625,
          1.38720703125
        ],
        "memory": {
          "total_mib": 31171.9453125,
          "available_mib": 2327.70703125,
          "used_mib": 28844.23828125
        },
        "service_rss_mib": 74.6015625,
        "output_disk_free_gib": 116.0875473022461,
        "gpus": [
          {
            "index": 0,
            "name": "NVIDIA GeForce RTX 4060 Ti",
            "utilization_percent": 100.0,
            "memory_used_mib": 15590.0,
            "memory_total_mib": 16380.0,
            "temperature_c": 73.0,
            "power_w": 145.99
          }
        ]
      },
      {
        "timestamp": "2026-10-02T00:00:32.135596+00:00",
        "elapsed_seconds": 398.041,
        "system_cpu_percent": 12.17,
        "load_average": [
          2.19921875,
          1.806640625,
          1.38720703125
        ],
        "memory": {
          "total_mib": 31171.9453125,
          "available_mib": 2319.47265625,
          "used_mib": 28852.47265625
        },
        "service_rss_mib": 74.6015625,
        "output_disk_free_gib": 116.08757400512695,
        "gpus": [
          {
            "index": 0,
            "name": "NVIDIA GeForce RTX 4060 Ti",
            "utilization_percent": 100.0,
            "memory_used_mib": 15590.0,
            "memory_total_mib": 16380.0,
            "temperature_c": 71.0,
            "power_w": 148.38
          }
        ]
      },
      {
        "timestamp": "2026-10-02T00:00:34.172598+00:00",
        "elapsed_seconds": 400.078,
        "system_cpu_percent": 11.44,
        "load_average": [
          2.19921875,
          1.806640625,
          1.38720703125
        ],
        "memory": {
          "total_mib": 31171.9453125,
          "available_mib": 2347.5703125,
          "used_mib": 28824.375
        },
        "service_rss_mib": 74.6015625,
        "output_disk_free_gib": 116.08753967285156,
        "gpus": [
          {
            "index": 0,
            "name": "NVIDIA GeForce RTX 4060 Ti",
            "utilization_percent": 100.0,
            "memory_used_mib": 15590.0,
            "memory_total_mib": 16380.0,
            "temperature_c": 70.0,
            "power_w": 148.46
          }
        ]
      },
      {
        "timestamp": "2026-10-02T00:00:36.214038+00:00",
        "elapsed_seconds": 402.119,
        "system_cpu_percent": 12.05,
        "load_average": [
          2.263671875,
          1.82666015625,
          1.39599609375
        ],
        "memory": {
          "total_mib": 31171.9453125,
          "available_mib": 2339.05078125,
          "used_mib": 28832.89453125
        },
        "service_rss_mib": 74.6015625,
        "output_disk_free_gib": 116.0877799987793,
        "gpus": [
          {
            "index": 0,
            "name": "NVIDIA GeForce RTX 4060 Ti",
            "utilization_percent": 100.0,
            "memory_used_mib": 15590.0,
            "memory_total_mib": 16380.0,
            "temperature_c": 68.0,
            "power_w": 147.98
          }
        ]
      },
      {
        "timestamp": "2026-10-02T00:00:38.239158+00:00",
        "elapsed_seconds": 404.144,
        "system_cpu_percent": 11.31,
        "load_average": [
          2.263671875,
          1.82666015625,
          1.39599609375
        ],
        "memory": {
          "total_mib": 31171.9453125,
          "available_mib": 2347.296875,
          "used_mib": 28824.6484375
        },
        "service_rss_mib": 74.6015625,
        "output_disk_free_gib": 116.08775329589844,
        "gpus": [
          {
            "index": 0,
            "name": "NVIDIA GeForce RTX 4060 Ti",
            "utilization_percent": 100.0,
            "memory_used_mib": 15591.0,
            "memory_total_mib": 16380.0,
            "temperature_c": 68.0,
            "power_w": 149.4
          }
        ]
      },
      {
        "timestamp": "2026-10-02T00:00:40.264603+00:00",
        "elapsed_seconds": 406.17,
        "system_cpu_percent": 11.02,
        "load_average": [
          2.32275390625,
          1.84619140625,
          1.40478515625
        ],
        "memory": {
          "total_mib": 31171.9453125,
          "available_mib": 2370.64453125,
          "used_mib": 28801.30078125
        },
        "service_rss_mib": 74.6015625,
        "output_disk_free_gib": 116.08773040771484,
        "gpus": [
          {
            "index": 0,
            "name": "NVIDIA GeForce RTX 4060 Ti",
            "utilization_percent": 100.0,
            "memory_used_mib": 15591.0,
            "memory_total_mib": 16380.0,
            "temperature_c": 72.0,
            "power_w": 148.21
          }
        ]
      },
      {
        "timestamp": "2026-10-02T00:00:42.290432+00:00",
        "elapsed_seconds": 408.196,
        "system_cpu_percent": 11.97,
        "load_average": [
          2.32275390625,
          1.84619140625,
          1.40478515625
        ],
        "memory": {
          "total_mib": 31171.9453125,
          "available_mib": 2352.45703125,
          "used_mib": 28819.48828125
        },
        "service_rss_mib": 74.6015625,
        "output_disk_free_gib": 116.08771896362305,
        "gpus": [
          {
            "index": 0,
            "name": "NVIDIA GeForce RTX 4060 Ti",
            "utilization_percent": 100.0,
            "memory_used_mib": 15591.0,
            "memory_total_mib": 16380.0,
            "temperature_c": 72.0,
            "power_w": 147.91
          }
        ]
      },
      {
        "timestamp": "2026-10-02T00:00:44.321229+00:00",
        "elapsed_seconds": 410.226,
        "system_cpu_percent": 12.15,
        "load_average": [
          2.32275390625,
          1.84619140625,
          1.40478515625
        ],
        "memory": {
          "total_mib": 31171.9453125,
          "available_mib": 3738.734375,
          "used_mib": 27433.2109375
        },
        "service_rss_mib": 74.6015625,
        "output_disk_free_gib": 116.08768081665039,
        "gpus": [
          {
            "index": 0,
            "name": "NVIDIA GeForce RTX 4060 Ti",
            "utilization_percent": 100.0,
            "memory_used_mib": 12719.0,
            "memory_total_mib": 16380.0,
            "temperature_c": 66.0,
            "power_w": 133.87
          }
        ]
      },
      {
        "timestamp": "2026-10-02T00:00:46.350935+00:00",
        "elapsed_seconds": 412.256,
        "system_cpu_percent": 18.92,
        "load_average": [
          2.37744140625,
          1.86572265625,
          1.41357421875
        ],
        "memory": {
          "total_mib": 31171.9453125,
          "available_mib": 2174.86328125,
          "used_mib": 28997.08203125
        },
        "service_rss_mib": 74.6015625,
        "output_disk_free_gib": 116.08766555786133,
        "gpus": [
          {
            "index": 0,
            "name": "NVIDIA GeForce RTX 4060 Ti",
            "utilization_percent": 30.0,
            "memory_used_mib": 15759.0,
            "memory_total_mib": 16380.0,
            "temperature_c": 60.0,
            "power_w": 56.67
          }
        ]
      },
      {
        "timestamp": "2026-10-02T00:00:48.376184+00:00",
        "elapsed_seconds": 414.281,
        "system_cpu_percent": 12.04,
        "load_average": [
          2.37744140625,
          1.86572265625,
          1.41357421875
        ],
        "memory": {
          "total_mib": 31171.9453125,
          "available_mib": 2297.0234375,
          "used_mib": 28874.921875
        },
        "service_rss_mib": 74.6015625,
        "output_disk_free_gib": 116.08764266967773,
        "gpus": [
          {
            "index": 0,
            "name": "NVIDIA GeForce RTX 4060 Ti",
            "utilization_percent": 100.0,
            "memory_used_mib": 15663.0,
            "memory_total_mib": 16380.0,
            "temperature_c": 72.0,
            "power_w": 164.68
          }
        ]
      },
      {
        "timestamp": "2026-10-02T00:00:50.402225+00:00",
        "elapsed_seconds": 416.307,
        "system_cpu_percent": 10.63,
        "load_average": [
          2.26708984375,
          1.85107421875,
          1.4111328125
        ],
        "memory": {
          "total_mib": 31171.9453125,
          "available_mib": 2385.65234375,
          "used_mib": 28786.29296875
        },
        "service_rss_mib": 74.6015625,
        "output_disk_free_gib": 116.08763122558594,
        "gpus": [
          {
            "index": 0,
            "name": "NVIDIA GeForce RTX 4060 Ti",
            "utilization_percent": 100.0,
            "memory_used_mib": 15695.0,
            "memory_total_mib": 16380.0,
            "temperature_c": 72.0,
            "power_w": 164.72
          }
        ]
      },
      {
        "timestamp": "2026-10-02T00:00:52.428817+00:00",
        "elapsed_seconds": 418.334,
        "system_cpu_percent": 13.0,
        "load_average": [
          2.26708984375,
          1.85107421875,
          1.4111328125
        ],
        "memory": {
          "total_mib": 31171.9453125,
          "available_mib": 2152.16015625,
          "used_mib": 29019.78515625
        },
        "service_rss_mib": 74.6015625,
        "output_disk_free_gib": 116.08761978149414,
        "gpus": [
          {
            "index": 0,
            "name": "NVIDIA GeForce RTX 4060 Ti",
            "utilization_percent": 100.0,
            "memory_used_mib": 15567.0,
            "memory_total_mib": 16380.0,
            "temperature_c": 72.0,
            "power_w": 164.25
          }
        ]
      },
      {
        "timestamp": "2026-10-02T00:00:54.455358+00:00",
        "elapsed_seconds": 420.361,
        "system_cpu_percent": 12.06,
        "load_average": [
          2.26708984375,
          1.85107421875,
          1.4111328125
        ],
        "memory": {
          "total_mib": 31171.9453125,
          "available_mib": 2161.984375,
          "used_mib": 29009.9609375
        },
        "service_rss_mib": 74.6015625,
        "output_disk_free_gib": 116.08763122558594,
        "gpus": [
          {
            "index": 0,
            "name": "NVIDIA GeForce RTX 4060 Ti",
            "utilization_percent": 100.0,
            "memory_used_mib": 15567.0,
            "memory_total_mib": 16380.0,
            "temperature_c": 72.0,
            "power_w": 164.44
          }
        ]
      },
      {
        "timestamp": "2026-10-02T00:00:56.485767+00:00",
        "elapsed_seconds": 422.391,
        "system_cpu_percent": 12.64,
        "load_average": [
          2.24560546875,
          1.85400390625,
          1.41455078125
        ],
        "memory": {
          "total_mib": 31171.9453125,
          "available_mib": 2063.37109375,
          "used_mib": 29108.57421875
        },
        "service_rss_mib": 74.6015625,
        "output_disk_free_gib": 116.08758544921875,
        "gpus": [
          {
            "index": 0,
            "name": "NVIDIA GeForce RTX 4060 Ti",
            "utilization_percent": 100.0,
            "memory_used_mib": 15567.0,
            "memory_total_mib": 16380.0,
            "temperature_c": 73.0,
            "power_w": 164.88
          }
        ]
      },
      {
        "timestamp": "2026-10-02T00:00:58.511831+00:00",
        "elapsed_seconds": 424.417,
        "system_cpu_percent": 14.33,
        "load_average": [
          2.24560546875,
          1.85400390625,
          1.41455078125
        ],
        "memory": {
          "total_mib": 31171.9453125,
          "available_mib": 2036.171875,
          "used_mib": 29135.7734375
        },
        "service_rss_mib": 74.6015625,
        "output_disk_free_gib": 116.08757019042969,
        "gpus": [
          {
            "index": 0,
            "name": "NVIDIA GeForce RTX 4060 Ti",
            "utilization_percent": 100.0,
            "memory_used_mib": 15567.0,
            "memory_total_mib": 16380.0,
            "temperature_c": 73.0,
            "power_w": 164.72
          }
        ]
      },
      {
        "timestamp": "2026-10-02T00:01:00.538754+00:00",
        "elapsed_seconds": 426.444,
        "system_cpu_percent": 19.18,
        "load_average": [
          2.38623046875,
          1.8896484375,
          1.4287109375
        ],
        "memory": {
          "total_mib": 31171.9453125,
          "available_mib": 1937.96484375,
          "used_mib": 29233.98046875
        },
        "service_rss_mib": 74.6015625,
        "output_disk_free_gib": 116.08753967285156,
        "gpus": [
          {
            "index": 0,
            "name": "NVIDIA GeForce RTX 4060 Ti",
            "utilization_percent": 100.0,
            "memory_used_mib": 15567.0,
            "memory_total_mib": 16380.0,
            "temperature_c": 72.0,
            "power_w": 164.55
          }
        ]
      },
      {
        "timestamp": "2026-10-02T00:01:02.563900+00:00",
        "elapsed_seconds": 428.469,
        "system_cpu_percent": 19.97,
        "load_average": [
          2.38623046875,
          1.8896484375,
          1.4287109375
        ],
        "memory": {
          "total_mib": 31171.9453125,
          "available_mib": 1945.74609375,
          "used_mib": 29226.19921875
        },
        "service_rss_mib": 74.6015625,
        "output_disk_free_gib": 116.08752822875977,
        "gpus": [
          {
            "index": 0,
            "name": "NVIDIA GeForce RTX 4060 Ti",
            "utilization_percent": 100.0,
            "memory_used_mib": 15567.0,
            "memory_total_mib": 16380.0,
            "temperature_c": 73.0,
            "power_w": 164.85
          }
        ]
      },
      {
        "timestamp": "2026-10-02T00:01:04.594596+00:00",
        "elapsed_seconds": 430.5,
        "system_cpu_percent": 18.49,
        "load_average": [
          2.38623046875,
          1.8896484375,
          1.4287109375
        ],
        "memory": {
          "total_mib": 31171.9453125,
          "available_mib": 1847.60546875,
          "used_mib": 29324.33984375
        },
        "service_rss_mib": 74.6015625,
        "output_disk_free_gib": 116.08751678466797,
        "gpus": [
          {
            "index": 0,
            "name": "NVIDIA GeForce RTX 4060 Ti",
            "utilization_percent": 100.0,
            "memory_used_mib": 15567.0,
            "memory_total_mib": 16380.0,
            "temperature_c": 73.0,
            "power_w": 164.49
          }
        ]
      },
      {
        "timestamp": "2026-10-02T00:01:06.619685+00:00",
        "elapsed_seconds": 432.525,
        "system_cpu_percent": 19.48,
        "load_average": [
          2.27490234375,
          1.87451171875,
          1.42626953125
        ],
        "memory": {
          "total_mib": 31171.9453125,
          "available_mib": 1856.625,
          "used_mib": 29315.3203125
        },
        "service_rss_mib": 74.6015625,
        "output_disk_free_gib": 116.0875129699707,
        "gpus": [
          {
            "index": 0,
            "name": "NVIDIA GeForce RTX 4060 Ti",
            "utilization_percent": 100.0,
            "memory_used_mib": 15535.0,
            "memory_total_mib": 16380.0,
            "temperature_c": 73.0,
            "power_w": 164.6
          }
        ]
      },
      {
        "timestamp": "2026-10-02T00:01:08.646093+00:00",
        "elapsed_seconds": 434.551,
        "system_cpu_percent": 18.95,
        "load_average": [
          2.27490234375,
          1.87451171875,
          1.42626953125
        ],
        "memory": {
          "total_mib": 31171.9453125,
          "available_mib": 1780.89453125,
          "used_mib": 29391.05078125
        },
        "service_rss_mib": 74.6015625,
        "output_disk_free_gib": 116.0875015258789,
        "gpus": [
          {
            "index": 0,
            "name": "NVIDIA GeForce RTX 4060 Ti",
            "utilization_percent": 100.0,
            "memory_used_mib": 15567.0,
            "memory_total_mib": 16380.0,
            "temperature_c": 73.0,
            "power_w": 159.7
          }
        ]
      },
      {
        "timestamp": "2026-10-02T00:01:10.672649+00:00",
        "elapsed_seconds": 436.578,
        "system_cpu_percent": 17.52,
        "load_average": [
          2.17236328125,
          1.85986328125,
          1.423828125
        ],
        "memory": {
          "total_mib": 31171.9453125,
          "available_mib": 1798.95703125,
          "used_mib": 29372.98828125
        },
        "service_rss_mib": 74.6015625,
        "output_disk_free_gib": 116.08748626708984,
        "gpus": [
          {
            "index": 0,
            "name": "NVIDIA GeForce RTX 4060 Ti",
            "utilization_percent": 100.0,
            "memory_used_mib": 15536.0,
            "memory_total_mib": 16380.0,
            "temperature_c": 73.0,
            "power_w": 164.1
          }
        ]
      },
      {
        "timestamp": "2026-10-02T00:01:12.698581+00:00",
        "elapsed_seconds": 438.604,
        "system_cpu_percent": 19.83,
        "load_average": [
          2.17236328125,
          1.85986328125,
          1.423828125
        ],
        "memory": {
          "total_mib": 31171.9453125,
          "available_mib": 1873.203125,
          "used_mib": 29298.7421875
        },
        "service_rss_mib": 74.6015625,
        "output_disk_free_gib": 116.08747863769531,
        "gpus": [
          {
            "index": 0,
            "name": "NVIDIA GeForce RTX 4060 Ti",
            "utilization_percent": 100.0,
            "memory_used_mib": 15536.0,
            "memory_total_mib": 16380.0,
            "temperature_c": 74.0,
            "power_w": 158.88
          }
        ]
      },
      {
        "timestamp": "2026-10-02T00:01:14.727521+00:00",
        "elapsed_seconds": 440.633,
        "system_cpu_percent": 18.32,
        "load_average": [
          2.23876953125,
          1.87890625,
          1.4326171875
        ],
        "memory": {
          "total_mib": 31171.9453125,
          "available_mib": 1811.7421875,
          "used_mib": 29360.203125
        },
        "service_rss_mib": 74.6015625,
        "output_disk_free_gib": 116.0874137878418,
        "gpus": [
          {
            "index": 0,
            "name": "NVIDIA GeForce RTX 4060 Ti",
            "utilization_percent": 100.0,
            "memory_used_mib": 15536.0,
            "memory_total_mib": 16380.0,
            "temperature_c": 74.0,
            "power_w": 164.7
          }
        ]
      },
      {
        "timestamp": "2026-10-02T00:01:16.767541+00:00",
        "elapsed_seconds": 442.673,
        "system_cpu_percent": 36.05,
        "load_average": [
          2.23876953125,
          1.87890625,
          1.4326171875
        ],
        "memory": {
          "total_mib": 31171.9453125,
          "available_mib": 3151.3828125,
          "used_mib": 28020.5625
        },
        "service_rss_mib": 74.6015625,
        "output_disk_free_gib": 116.0874137878418,
        "gpus": [
          {
            "index": 0,
            "name": "NVIDIA GeForce RTX 4060 Ti",
            "utilization_percent": 1.0,
            "memory_used_mib": 14960.0,
            "memory_total_mib": 16380.0,
            "temperature_c": 59.0,
            "power_w": 104.07
          }
        ]
      },
      {
        "timestamp": "2026-10-02T00:01:18.792552+00:00",
        "elapsed_seconds": 444.698,
        "system_cpu_percent": 58.36,
        "load_average": [
          2.23876953125,
          1.87890625,
          1.4326171875
        ],
        "memory": {
          "total_mib": 31171.9453125,
          "available_mib": 3070.1015625,
          "used_mib": 28101.84375
        },
        "service_rss_mib": 74.62109375,
        "output_disk_free_gib": 116.08680725097656,
        "gpus": [
          {
            "index": 0,
            "name": "NVIDIA GeForce RTX 4060 Ti",
            "utilization_percent": 2.0,
            "memory_used_mib": 14960.0,
            "memory_total_mib": 16380.0,
            "temperature_c": 56.0,
            "power_w": 34.47
          }
        ]
      },
      {
        "timestamp": "2026-10-02T00:01:19.313713+00:00",
        "elapsed_seconds": 445.219,
        "system_cpu_percent": 24.93,
        "load_average": [
          2.23876953125,
          1.87890625,
          1.4326171875
        ],
        "memory": {
          "total_mib": 31171.9453125,
          "available_mib": 3187.08203125,
          "used_mib": 27984.86328125
        },
        "service_rss_mib": 74.62109375,
        "output_disk_free_gib": 116.08650588989258,
        "gpus": [
          {
            "index": 0,
            "name": "NVIDIA GeForce RTX 4060 Ti",
            "utilization_percent": 1.0,
            "memory_used_mib": 14960.0,
            "memory_total_mib": 16380.0,
            "temperature_c": 56.0,
            "power_w": 31.97
          }
        ]
      }
    ],
    "attempt": 1
  },
  "outputs": [
    "/home/mhr/Code/chronostick-studio/episodes/006-shortest-war-ever/renders/pilot/pilot-clock-075-r002.mp4",
    "/home/mhr/Code/chronostick-studio/episodes/006-shortest-war-ever/renders/pilot/pilot-clock-075-r002.run.json",
    "/home/mhr/Code/chronostick-studio/episodes/006-shortest-war-ever/renders/pilot/editorial/pilot-clock-075-r002.mp4",
    "/home/mhr/Code/chronostick-studio/episodes/006-shortest-war-ever/renders/pilot/editorial/pilot-clock-075-r002.run.json"
  ],
  "error": null
}
